year,avgHum,avgTemp,avgWs,rainFall
20100101,55,-4.9,1.9,0
20100102,70,-0.1,2,0.8
20100103,51,-2.9,2.3,0
20100104,71,-1.8,2.6,5.9
20100105,63,-5.2,3.4,0.7
20100106,63,-7.3,2.6,0.3
20100107,63,-6.7,2.4,0
20100108,64,-5.6,1.9,0
20100109,68,-3.1,1.4,0.1
20100110,70,-1.3,1.5,0
20100111,65,-1.5,2.5,0
20100112,51,-5,3.2,0.4
20100113,55,-8.3,3.4,0.7
20100114,61,-6.4,1.7,0.1
20100115,66,-2.6,1.7,0.1
20100116,55,-4.1,1.7,0
20100117,54,-3.1,1.3,0
20100118,63,-0.4,1.3,0
20100119,66,3.6,1.3,0.3
20100120,90,8,1.5,10.8
20100121,65,1.3,3.8,3.1
20100122,51,-3.1,3.5,0
20100123,57,-2.7,2.8,0.1
20100124,62,0.4,2.2,0
20100125,50,0.8,3.6,0
20100126,51,-2.3,2.3,0
20100127,72,1.3,1.5,6.5
20100128,60,3.5,3.3,0.1
20100129,53,0.2,3,0
20100130,62,1.9,1.6,0
20100131,69,3,1.3,0
20100201,70,2.2,2.1,0.2
20100202,36,-2,3.4,0
20100203,37,-4.9,3.1,0
20100204,49,-2.9,2.5,0.1
20100205,41,-1.8,2.8,0
20100206,41,-2.6,1.9,0
20100207,47,1.2,1.3,0.1
20100208,76,4.9,1.1,2.7
20100209,91,5.6,1.2,6.9
20100210,91,5.1,1.9,9
20100211,86,2.4,3.1,17.3
20100212,84,0.7,1.9,3.1
20100213,70,-0.7,2.5,1.9
20100214,62,-1.2,1.6,0
20100215,57,-0.5,2.5,0.1
20100216,54,-1.6,2.5,0.6
20100217,49,-1.2,1.7,0.4
20100218,51,-1.1,3.3,0.5
20100219,54,-0.6,2.2,0.1
20100220,58,2.2,1.5,0
20100221,64,3.7,1.6,0
20100222,73,5.2,1.5,0
20100223,65,6.4,1.4,0
20100224,66,11.2,2,0
20100225,89,13.4,2.5,33.4
20100226,86,9.4,2.1,4.1
20100227,79,6.3,2.1,1.5
20100228,78,7.1,1.5,0.1
20100301,86,5.4,2.9,15.6
20100302,82,4.2,1.9,0.3
20100303,64,5.2,2.4,0
20100304,84,5.9,2.2,3.9
20100305,86,6.9,1.5,3.8
20100306,79,5.5,2.5,3.3
20100307,68,4.2,2.8,0.9
20100308,61,3.8,2.8,0.9
20100309,78,2.3,2.4,5.7
20100310,74,-0.3,3.3,3.9
20100311,61,3,2.5,0
20100312,64,8.3,3.7,0
20100313,42,6.1,2.2,0
20100314,63,8,2.2,1.1
20100315,77,9.4,3.3,16.5
20100316,41,3.2,4.3,0
20100317,55,2.4,1.9,1.1
20100318,63,2.1,2.7,2.3
20100319,55,6,2.4,0
20100320,69,10.9,4,1
20100321,40,4.7,4.6,0
20100322,60,4.4,1.5,2
20100323,69,7,1.7,2.4
20100324,61,8.3,2.1,0.1
20100325,65,5.1,2.7,4.6
20100326,40,3.2,3.3,0
20100327,66,5.6,2.2,0.9
20100328,53,6.2,2.7,0
20100329,52,5.6,2.2,0
20100330,58,7.8,2,0
20100331,87,8.8,1.5,18.8
20100401,85,8.9,2,15.8
20100402,44,7.3,3.3,0
20100403,39,6.2,2.5,0
20100404,50,8.4,1.8,0
20100405,56,11.9,1.6,0
20100406,63,10,2.9,0.1
20100407,52,6.9,2.3,0.1
20100408,55,8.5,1.7,0
20100409,54,11.5,1.6,0
20100410,67,12.2,1.6,0.1
20100411,66,12.3,2.5,0.9
20100412,71,11.8,2.5,3.8
20100413,49,6.9,5.1,1.6
20100414,41,4.4,3.3,0.7
20100415,49,6.2,2.1,0
20100416,51,7.4,1.9,0
20100417,51,8.8,2,0
20100418,57,10.9,1.7,0.2
20100419,66,14.2,2.1,5.5
20100420,72,15.6,2,0.2
20100421,74,12.4,2.8,8
20100422,78,9.9,2.7,13.9
20100423,73,9.6,2.1,2
20100424,59,10.5,2,0
20100425,47,12.7,1.7,0
20100426,71,12.4,2.2,23.7
20100427,64,10.2,3.9,4.2
20100428,71,6.3,3.1,7.8
20100429,50,10.2,4.2,0.5
20100430,51,11.4,3.2,0
20100501,50,12.5,2.4,0
20100502,53,16.8,2.4,0
20100503,68,20,3.1,0
20100504,65,20.8,2.3,0
20100505,63,20.2,2.6,0.4
20100506,73,17.6,3.7,5.2
20100507,46,16.7,3.1,0
20100508,50,17.2,2,0
20100509,55,18.1,1.5,0
20100510,56,16.6,2.1,0.1
20100511,62,13.9,2.3,0.8
20100512,65,13.8,2.2,0
20100513,64,14.5,1.7,0
20100514,57,15.9,1.8,0
20100515,57,16,1.7,0
20100516,53,18.3,1.7,0
20100517,62,19.4,2.1,5.8
20100518,91,18,2.3,51.4
20100519,78,19.3,2,2.4
20100520,61,20.6,2,0
20100521,54,21.7,1.6,0
20100522,73,17.8,2.1,24.2
20100523,89,15.8,2.5,26.8
20100524,84,15,3,4.8
20100525,82,15.2,2.2,1.9
20100526,70,16.3,2.3,0.2
20100527,64,16,2,0
20100528,74,15.5,1.3,0
20100529,67,17.3,1.8,0
20100530,63,16.8,2.1,0
20100531,60,16.1,2.1,0.1
20100601,60,16.4,1.8,0
20100602,64,18.4,1.6,0
20100603,63,20.5,1.6,0
20100604,60,21.5,1.7,0
20100605,60,22,1.5,0.5
20100606,62,22.1,1.4,1.6
20100607,60,21.7,1.7,0.6
20100608,56,21.4,1.8,0
20100609,54,22.4,1.7,0
20100610,57,22.6,1.6,0
20100611,59,22.3,2,0.8
20100612,78,20.3,1.7,11.9
20100613,74,22.7,1.7,2.9
20100614,74,23,1.6,2.8
20100615,76,23,1.6,2.3
20100616,74,23.4,1.8,0.2
20100617,71,24.5,1.4,0
20100618,75,23.8,1.7,1.8
20100619,81,22.9,1.5,2.3
20100620,77,23.4,1.8,4.6
20100621,71,23.1,1.9,0
20100622,60,23,1.8,0
20100623,61,22.5,1.7,0
20100624,64,23.1,1.5,0
20100625,65,23.7,1.8,0.8
20100626,83,22.6,2,11.4
20100627,86,22.7,2.1,3.9
20100628,81,23.2,1.4,9.2
20100629,78,24.2,1.4,0.1
20100630,82,24.1,1.3,3.7
20100701,83,24.8,1.3,5
20100702,90,24.3,1.7,17.1
20100703,88,24.8,1.5,6.1
20100704,86,24.2,1.4,1.4
20100705,81,25.3,1.7,1
20100706,71,25.8,2,0.4
20100707,72,24.7,2,1.1
20100708,75,23.7,1.5,0.7
20100709,73,24.5,1.4,0.8
20100710,75,24.6,1.7,4.6
20100711,87,22.1,2.1,57.6
20100712,80,23.2,1.5,0.6
20100713,81,23.2,1.6,11.3
20100714,77,23.9,1.5,0.1
20100715,76,24.4,1.7,0.9
20100716,88,24.1,1.9,54.1
20100717,88,25.1,2.4,36.6
20100718,75,26.8,2.9,1.1
20100719,75,27.1,2.4,0.7
20100720,73,27.5,2.3,0.5
20100721,74,27.7,2.8,2.2
20100722,74,27.9,2.5,0.2
20100723,79,26.2,2.2,21.3
20100724,80,26,1.5,6.7
20100725,78,26,1.6,5.6
20100726,76,26.3,1.9,1.9
20100727,74,26.7,1.9,3.2
20100728,82,25.2,2.2,14.4
20100729,79,26.5,1.8,0.7
20100730,78,27,1.7,0.1
20100731,76,27.8,2.3,0
20100801,75,28.5,2.2,0
20100802,81,27.3,1.6,4.4
20100803,81,26.2,1.4,1.8
20100804,79,28.2,1.5,1.9
20100805,76,28.8,2,2.6
20100806,81,27.9,2.2,9.1
20100807,81,26.9,1.5,8.4
20100808,76,27,1.5,1.9
20100809,72,27.9,1.7,1.3
20100810,87,26.3,2.1,43.3
20100811,83,26.8,3.2,32.4
20100812,78,26.3,1.9,3.1
20100813,88,26.2,1.9,38
20100814,86,27.1,2.2,14
20100815,85,27,2.6,38.2
20100816,85,25.4,1.8,20.6
20100817,80,25.8,1.5,16.9
20100818,82,26.7,1.6,14.4
20100819,78,27.6,1.5,0.4
20100820,78,28.1,1.4,0.2
20100821,76,28.5,1.3,0
20100822,75,28.5,1.7,0.2
20100823,79,27.7,1.9,6
20100824,81,26.5,1.5,6.8
20100825,87,24.4,1.6,19.3
20100826,85,25.5,1.7,12.7
20100827,83,26,1.6,6
20100828,83,26.2,2.6,18.3
20100829,86,25.8,1.9,29.3
20100830,84,25.9,1.2,4.7
20100831,87,25.4,1.2,17
20100901,80,26.6,2.3,14.8
20100902,82,26,3.3,26.7
20100903,80,26.8,1.5,3.4
20100904,79,26.9,1.3,0.1
20100905,80,26.6,1.6,10.3
20100906,89,24.5,1.9,21.5
20100907,80,23.9,2.7,18.6
20100908,71,22.1,2,0.2
20100909,78,22.6,1.5,12.4
20100910,83,25.1,2.1,17.4
20100911,90,24.2,1.9,42.6
20100912,84,23.4,2.4,34.2
20100913,80,22.7,1.4,0.2
20100914,80,22.6,1.2,0.2
20100915,73,22.3,1.5,0.5
20100916,72,22.3,1.3,0
20100917,73,22.8,1.2,0
20100918,72,23.3,1.3,0
20100919,83,21.9,1.3,6.1
20100920,84,23.2,1.3,7.4
20100921,83,24.9,2.4,30.1
20100922,86,18.5,2.2,9.7
20100923,71,17.7,1.9,0.2
20100924,68,17.3,1.7,0
20100925,69,17.3,1.6,0
20100926,74,17,1.3,0.1
20100927,77,17.5,1.3,0.6
20100928,60,16.3,2.4,0.5
20100929,69,14.1,1.3,0
20100930,70,14.8,1.5,0
20101001,73,15.6,1.3,0
20101002,83,17.8,1.6,12.9
20101003,75,19,2.5,6.7
20101004,74,15.6,2.5,2.3
20101005,74,15.4,1.7,0.1
20101006,76,15.7,1.3,0
20101007,75,16.9,1.4,0
20101008,80,17.7,1.3,3.9
20101009,80,18.1,1.4,0.7
20101010,78,17.6,1.4,0
20101011,82,17.1,1.1,0.1
20101012,78,17.3,1.5,0
20101013,79,16.2,1.4,0.3
20101014,71,15.8,1.8,0
20101015,54,13.9,2.4,0
20101016,68,14.5,1.7,0
20101017,72,14.7,1.2,0.1
20101018,71,14.2,1.3,0.1
20101019,74,15.1,1.3,0
20101020,78,15.3,1.3,0
20101021,77,15.5,1.7,1.1
20101022,70,15.5,1.9,0
20101023,74,15.2,1.6,0.3
20101024,85,16.1,1.2,8.1
20101025,61,13.1,3.4,0.3
20101026,37,5.3,3.8,0
20101027,55,6.7,1.7,0
20101028,56,7.6,2,0
20101029,61,9.1,1.9,0
20101030,64,11.3,1.8,0
20101031,68,11.3,1.6,0.6
20101101,61,11.4,2.2,0
20101102,45,8,3.1,0
20101103,55,6.9,1.9,0
20101104,68,9.1,1.6,0
20101105,71,10.2,1.3,0
20101106,72,10.7,1.3,0
20101107,71,10.8,1.4,0.4
20101108,60,9.4,3.9,1.5
20101109,47,6.1,4.4,0.1
20101110,56,5.8,1.7,0
20101111,65,9.9,2.3,5.5
20101112,51,10.2,2.8,0.3
20101113,62,8.9,1.4,0
20101114,50,9.2,2.5,0
20101115,38,4.1,2.9,0
20101116,54,3.4,1.6,0
20101117,65,5.3,1.2,0
20101118,65,5.1,1.2,0
20101119,67,4.6,1.1,0
20101120,65,6.8,1.1,0
20101121,70,9.5,1.4,0
20101122,55,8.6,2.8,1.3
20101123,60,5.6,1.4,0
20101124,68,7.4,1.3,0
20101125,55,5.6,2.8,0
20101126,42,1.8,2.3,0
20101127,54,3.3,2.8,1.3
20101128,44,1.2,2.6,0.2
20101129,64,4.7,1.5,0.9
20101130,77,7.8,1.3,0.6
20101201,75,7.2,1.1,0
20101202,75,8.2,1.4,1.2
20101203,47,3.8,4.8,0.6
20101204,58,3.4,2,0
20101205,69,7.8,1.7,0
20101206,63,6,3,1
20101207,52,0.8,2.5,0.3
20101208,66,1.1,1.8,2.1
20101209,52,0.3,2.7,0.1
20101210,60,4,2.4,0.5
20101211,42,1.6,3.8,0
20101212,45,-0.8,1.6,0.1
20101213,80,3.7,1.7,11.9
20101214,57,0.8,3.6,0
20101215,43,-6,3.5,0.1
20101216,52,-5,2.3,0
20101217,69,0,1.9,0.8
20101218,62,1,1.4,0
20101219,69,5.5,1.7,0
20101220,67,4.8,1.5,0
20101221,68,3.6,1.4,0
20101222,69,3.7,1.4,0
20101223,55,1.8,2.7,0
20101224,40,-6.8,4.1,0
20101225,48,-7.1,3.7,0.4
20101226,59,-5.3,3,0.9
20101227,66,-1.4,2.3,0.6
20101228,73,0.6,2.6,3.8
20101229,62,-2.2,2.3,0.2
20101230,68,-2.8,3.1,4
20101231,60,-6.1,3.1,1
20110101,63,-5,2.4,0.4
20110102,66,-3.5,1.6,0
20110103,71,-3.3,1.8,1.8
20110104,68,-2,2.1,0
20110105,60,-0.7,3.2,0
20110106,57,-4.1,3,0.1
20110107,53,-5.5,2.3,0
20110108,63,-2.6,1.9,0
20110109,52,-2.9,3.3,0
20110110,48,-6.6,2.4,0
20110111,57,-3.6,2.1,0.4
20110112,47,-5.1,3.1,0
20110113,51,-5.6,1.6,0
20110114,57,-2.7,1.9,0.1
20110115,43,-7.7,4.6,0.2
20110116,51,-10.1,3.4,0.1
20110117,50,-7.1,2.6,0
20110118,55,-5,2,0
20110119,54,-4.2,2.2,0
20110120,52,-5.4,2.3,0
20110121,49,-5,2.3,0
20110122,54,-3.2,2.2,0
20110123,60,-2.1,1.9,1.4
20110124,61,-4.7,3.1,0.3
20110125,60,-6,2.3,0
20110126,54,-5.9,2.6,0
20110127,44,-5.8,2.8,0
20110128,39,-4.5,2.4,0
20110129,46,-6.5,3.1,0.2
20110130,48,-7.3,3,0.2
20110131,54,-4.8,2.6,0
20110201,60,-0.2,1.7,0
20110202,57,1.5,1.5,0
20110203,60,1,1.3,0
20110204,62,1.9,1.5,0
20110205,62,1.4,1.3,0
20110206,65,2.5,1.6,0
20110207,63,2,1.4,0
20110208,71,2.6,1.3,1.3
20110209,58,0.8,2.6,0
20110210,60,-1,1.5,0.3
20110211,61,-0.8,2.6,4.5
20110212,53,-3.5,3.4,1.9
20110213,54,-3.7,1.5,0
20110214,68,-2.4,2.2,3.4
20110215,63,-1.3,1.5,0
20110216,65,0.8,1.3,1.5
20110217,81,1.6,1.9,3.8
20110218,67,1.3,1.6,0
20110219,58,2.3,1.5,0
20110220,56,4.1,1.9,0
20110221,59,4.2,1.8,0
20110222,65,4,1.4,0
20110223,66,4.8,1.2,0
20110224,61,7.4,1.9,0
20110225,52,4.8,2.6,0
20110226,54,5.5,2.1,0.1
20110227,89,6.1,2.4,43
20110228,86,4.9,2.4,3.8
20110301,79,2.5,2.7,3.2
20110302,48,0,3.5,0
20110303,47,-0.8,3,0
20110304,49,0.7,2.6,0
20110305,55,2.5,1.9,0
20110306,56,4.9,1.9,0
20110307,48,3.5,3.6,0
20110308,44,3,3.1,0
20110309,41,2,3.5,0
20110310,49,2.7,2.8,0
20110311,47,5,2.5,0
20110312,46,7.6,2.1,0
20110313,61,9.8,1.8,0
20110314,68,9.1,2.1,0
20110315,45,4.1,4.3,0
20110316,35,1.3,3.8,0
20110317,41,2.1,2.8,0
20110318,42,5.8,2,0
20110319,52,10.5,2.4,0
20110320,80,7.1,2,15.2
20110321,64,7.9,2,0.6
20110322,39,3.6,3.9,0.4
20110323,40,2.8,2.8,0
20110324,54,4.8,2.7,2.8
20110325,48,3.1,4,0.3
20110326,48,3.2,2.4,0
20110327,46,5.5,2.1,0
20110328,57,6.2,2.3,0.4
20110329,56,5.1,2.2,0
20110330,52,7.9,2.8,0
20110331,50,9.7,1.8,0
20110401,38,10.9,2.1,0
20110402,53,8.9,2,0.1
20110403,71,7.2,1.8,2.6
20110404,56,7.8,1.9,0
20110405,49,9.1,1.7,0
20110406,50,11,2,0.7
20110407,89,11.7,2,17.1
20110408,67,11.7,2.3,3.3
20110409,55,10.5,2.1,0
20110410,49,12.3,2.4,0.5
20110411,50,10.1,3.1,2.7
20110412,40,10.2,2.4,0
20110413,38,12.1,2.6,0
20110414,42,13.2,2.2,0
20110415,64,16.2,2.7,0.1
20110416,50,11.5,2.8,0.1
20110417,55,11.3,2.2,0
20110418,68,7.9,3,2.7
20110419,55,9.2,3.2,0.7
20110420,57,10.8,2.3,0
20110421,46,13.4,2,0
20110422,87,10.7,2.7,26.8
20110423,56,10.7,3.6,0
20110424,55,10.4,3.3,0.4
20110425,51,12.9,3.2,0.3
20110426,85,12.4,2.2,11.9
20110427,75,12.1,2.7,2.4
20110428,60,10.2,2.8,0.7
20110429,52,13.3,2.6,0.6
20110430,83,17,3.8,37.3
20110501,63,15.1,3.5,2.3
20110502,56,15.3,1.9,0
20110503,52,16,2.3,0
20110504,54,14.4,1.7,0
20110505,55,15.1,2.3,0
20110506,71,14.9,2.2,1.1
20110507,74,17.9,2.2,1.2
20110508,63,18.4,1.6,0
20110509,80,19.7,2.8,5.7
20110510,91,18.5,2.2,41.3
20110511,88,15.8,2.5,46.4
20110512,75,15.1,2.3,2.9
20110513,45,16.2,3.8,0
20110514,40,17.6,3,0
20110515,47,17.7,2.8,0
20110516,58,16.6,2.1,0
20110517,53,16.2,1.8,0
20110518,57,18.9,2.6,0
20110519,61,20.4,3.1,0.1
20110520,79,20.2,2.3,3.3
20110521,84,17.5,1.8,4.4
20110522,70,16.9,1.7,1.8
20110523,71,15.7,1.7,3.5
20110524,59,18,1.7,0
20110525,60,18.8,1.8,0
20110526,74,16.3,2.3,6.2
20110527,78,16.7,1.6,0.7
20110528,72,18.6,1.6,0
20110529,62,19.5,2.4,0
20110530,65,19,1.9,0
20110531,77,17.2,2.2,2
20110601,82,17.6,1.9,11.6
20110602,77,18.5,1.7,0
20110603,69,19.6,2.2,0
20110604,69,20.8,2.6,0.1
20110605,63,21.5,1.8,0
20110606,61,21.3,1.6,0
20110607,59,21.5,1.6,0
20110608,61,22.1,1.9,0.4
20110609,73,21.2,2,0.3
20110610,78,21.2,1.4,2.8
20110611,63,22.9,1.7,1.4
20110612,65,22.2,1.7,0.8
20110613,71,20.7,2.1,0.1
20110614,71,21.3,1.6,0
20110615,69,21.7,1.7,0.1
20110616,62,22.6,2.2,0
20110617,65,22,1.7,0
20110618,70,22.3,1.5,1.5
20110619,63,23.1,1.8,0
20110620,67,23.3,1.8,0.8
20110621,62,24.8,2.2,0.1
20110622,83,23.8,2.3,22.1
20110623,82,25.2,3.7,21.6
20110624,88,22.1,2.6,52.1
20110625,91,19.7,2.6,54.1
20110626,85,20.6,4.2,48.3
20110627,79,21.7,3.2,3.4
20110628,76,23.8,1.7,4.7
20110629,82,24.7,2.7,34
20110630,84,24.6,2.1,19.4
20110701,81,25.1,1.7,0.8
20110702,80,26,1.6,2.1
20110703,90,24.2,2,49.1
20110704,75,24.3,2.4,9
20110705,70,24.2,1.8,0
20110706,79,22.8,1.3,4.2
20110707,87,23.2,2,21.8
20110708,87,24.4,2.4,22.6
20110709,91,23.2,1.7,84.4
20110710,90,23.2,1.6,57.2
20110711,87,23.2,1.6,20.6
20110712,90,24,1.6,30.7
20110713,88,24.9,1.8,8.9
20110714,87,25.3,2.1,20.4
20110715,83,26.1,2.3,6.8
20110716,82,26.2,1.6,9.3
20110717,79,26.4,1.4,2.9
20110718,72,27.1,2.5,0.1
20110719,67,27.5,3.8,0.7
20110720,65,26.7,2.7,0
20110721,72,24.4,2.4,1.4
20110722,78,23,1.6,3.6
20110723,81,24.5,1.3,2.1
20110724,86,23.9,1.3,14.1
20110725,80,24.6,1.6,6
20110726,81,26,2.1,17.5
20110727,85,26.2,2.6,55.6
20110728,80,26.9,2.6,12.1
20110729,81,26.9,1.8,7.7
20110730,83,26.4,1.4,6.5
20110731,85,25.7,1.6,13.3
20110801,88,25.2,1.6,33.6
20110802,85,25.5,1.5,13
20110803,83,26.3,1.7,9.3
20110804,79,26.9,1.4,2.9
20110805,72,27.9,1.7,0.1
20110806,76,27.4,2,2.5
20110807,75,27.5,3.9,32.9
20110808,78,26.6,4.4,28.8
20110809,86,25.1,2.2,35.9
20110810,84,26,2,11.9
20110811,81,27,1.9,5.9
20110812,85,26.3,1.8,15.6
20110813,82,26,2.4,6.4
20110814,83,26.1,1.8,4.4
20110815,82,26.2,1.7,1.7
20110816,84,26.5,2,12.6
20110817,89,25.3,1.9,25.6
20110818,83,24.7,1.8,5.6
20110819,86,22.9,1.2,3.5
20110820,88,21.1,1.3,15
20110821,80,22.5,1.4,2.9
20110822,82,21.7,1.3,2
20110823,79,21.7,1.8,3.3
20110824,79,22.4,1.6,2
20110825,79,23.4,1.6,0.4
20110826,79,23.9,1.7,1.4
20110827,78,25,1.7,0.8
20110828,78,25.2,1.6,0
20110829,79,25.8,1.3,1.4
20110830,81,25.7,1.2,0.7
20110831,77,26,1.3,0
20110901,74,25.8,1.6,0
20110902,73,25.2,2.3,0.5
20110903,66,24.7,3,0.2
20110904,67,23.3,2.5,2.1
20110905,71,22.4,1.7,1.9
20110906,68,21.8,1.8,0.1
20110907,67,21.3,1.4,0
20110908,70,21.8,1.4,0.1
20110909,77,20.8,1.2,1.6
20110910,87,19.8,1.9,16.2
20110911,90,21.6,1.5,24.5
20110912,85,23.7,1.2,4
20110913,80,24.5,1.2,0.1
20110914,79,24.9,1.3,0
20110915,78,24.8,1.3,0
20110916,76,25.2,1.4,0
20110917,78,24.8,1.9,3.3
20110918,76,21.6,2.9,3.6
20110919,65,18,3.2,0.6
20110920,64,17.4,2.9,0.1
20110921,59,17.3,2.6,0
20110922,61,16.7,1.7,0
20110923,65,17.5,1.5,0
20110924,68,18.1,1.5,0
20110925,69,18.4,1.3,0
20110926,66,18.4,1.5,0
20110927,65,18.4,1.7,0
20110928,74,18.5,1.4,0
20110929,90,17.9,1.5,12.4
20110930,58,16.9,3.1,0.2
20111001,62,13.4,2.2,0
20111002,56,12.9,2.1,0
20111003,60,12.3,1.5,0
20111004,62,13.9,1.4,0
20111005,62,15.6,1.4,0
20111006,61,15.6,2.4,0
20111007,66,14.1,1.5,0
20111008,70,14.5,1.2,0
20111009,71,15.5,1.2,0
20111010,71,16.5,1.3,0
20111011,69,16.1,1.5,0
20111012,69,15,1.2,0
20111013,63,16.7,1.2,0
20111014,88,14.4,1.1,9.8
20111015,76,15.7,2.2,5.3
20111016,61,15.5,2.9,0.4
20111017,52,13,2.5,0
20111018,55,9.8,1.7,0
20111019,66,12.3,1.5,0
20111020,68,15,1.6,0
20111021,76,15.9,1.7,9.1
20111022,84,15.2,2.2,22
20111023,81,14.7,1.1,0
20111024,77,14.2,2,1.9
20111025,47,8.6,3.1,0
20111026,60,8,1.3,0
20111027,67,10.8,1.2,0
20111028,70,13,1.1,0
20111029,81,13.3,1.3,2.3
20111030,78,14.1,1.6,0.3
20111031,66,13.2,1.4,0
20111101,66,14.9,1.3,0
20111102,72,16.3,1.1,0.1
20111103,74,17.2,1.3,0
20111104,75,18.7,1.6,2.3
20111105,83,18.9,1.6,21.1
20111106,88,16.2,1.9,9
20111107,82,15.5,1.3,0.3
20111108,79,14.3,1.6,1.1
20111109,75,13.7,1.8,0.8
20111110,67,13.4,2.1,0.1
20111111,79,12.4,1.3,1.9
20111112,72,11.7,1.7,0
20111113,60,11.7,2,0
20111114,50,8,2.3,0
20111115,52,7,1.5,0
20111116,57,9.1,1.3,0
20111117,65,11.9,1.7,1
20111118,88,14.5,1.5,20.6
20111119,76,13.2,3,6.3
20111120,42,3.9,4,0
20111121,47,2.7,2,0
20111122,58,5,1.4,0.2
20111123,67,5.5,3.5,5.2
20111124,46,1.9,3.1,0
20111125,60,2.9,1.5,0
20111126,66,5.9,1.4,0
20111127,76,10.7,1.5,0.1
20111128,84,12,1,0.4
20111129,87,11.8,1.5,2.4
20111130,87,8,3,29.7
20111201,71,6,2.8,1.6
20111202,72,6.5,2.3,2.6
20111203,79,6.3,2.2,7
20111204,63,4.9,2.3,0
20111205,52,2.8,1.7,0
20111206,60,4.6,1.4,0.2
20111207,58,5.7,1.6,0
20111208,61,3.3,3,1.7
20111209,62,-0.6,2.6,1.5
20111210,62,-0.5,2.3,0.5
20111211,65,3.5,2.2,0
20111212,63,4.4,1.7,0
20111213,61,2.2,1.1,0
20111214,62,3.9,1.7,0
20111215,43,0.1,3.4,0
20111216,49,-3.7,3.1,0.5
20111217,53,-3.4,2.4,0
20111218,57,-0.6,2,0
20111219,54,-1.1,1.8,0
20111220,54,-0.2,1.4,0
20111221,64,2.4,1.5,0.1
20111222,42,-1.6,3.9,0.1
20111223,42,-4.4,2.3,0.3
20111224,54,-3.1,2.7,0.8
20111225,45,-4.1,3.1,0.1
20111226,41,-4.8,2.6,0
20111227,42,-3.3,1.5,0
20111228,58,-0.5,1.3,0.1
20111229,64,0.2,1.9,0.3
20111230,67,-2.1,1.3,0
20111231,61,-1.2,1.5,0
20120101,65,-0.3,2.6,0.4
20120102,63,-2.8,1.9,0
20120103,66,-1.9,2.3,0.7
20120104,59,-4,3.3,0.8
20120105,57,-4.1,2.2,0
20120106,56,-2.6,1.8,0
20120107,57,-3.3,1.3,0
20120108,55,-1.9,1.6,0
20120109,62,0.1,1.8,0
20120110,53,0,2.1,0
20120111,46,-3,3,0
20120112,56,-3.4,2.2,0
20120113,60,-0.2,2,0
20120114,45,-1,1.9,0
20120115,50,-0.6,1.5,0
20120116,63,1.2,1.5,2
20120117,75,2.8,1.1,0.2
20120118,72,2.4,1.4,0.4
20120119,81,4.8,2.2,5.9
20120120,72,5.9,2.6,1.4
20120121,79,3.8,1.9,1.5
20120122,48,-1.7,3.8,0
20120123,42,-6.3,3.3,0
20120124,49,-5.8,2,0.2
20120125,51,-5.9,2.7,0.7
20120126,60,-3.3,1.7,0
20120127,70,0.1,1.5,0.1
20120128,44,0.2,1.9,0
20120129,37,-0.9,2.2,0
20120130,28,-2.8,2.6,0
20120131,58,-2.3,2.2,3.3
20120201,52,-6.5,3.9,0.3
20120202,49,-10.2,3.2,0.1
20120203,55,-7,2.3,0
20120204,56,-1.9,2,0.1
20120205,55,-0.6,1,0
20120206,64,1.2,1.2,1.6
20120207,46,-3.7,4.4,0
20120208,50,-6.3,3,0.4
20120209,53,-3,2.2,0.2
20120210,52,-1.4,2.1,0
20120211,42,-2.4,2.2,0
20120212,46,0,1.4,0
20120213,57,2.3,1.3,0.5
20120214,66,3.4,1.6,3.4
20120215,46,2.1,2.4,0
20120216,33,0.3,3.3,0
20120217,42,-3.6,3.8,0.1
20120218,44,-4.8,3,0.1
20120219,46,-3.3,2.3,0
20120220,46,-0.6,1.7,0
20120221,62,0.8,1.3,0.7
20120222,69,4.4,1.5,0
20120223,65,5.7,2.5,0
20120224,66,4.5,1.9,0.3
20120225,67,2.2,2.7,1
20120226,54,-0.1,2.3,0.6
20120227,46,-0.3,2,0
20120228,58,1.6,1.6,0.6
20120229,61,4.6,1.5,0.1
20120301,53,7.3,1.5,0
20120302,76,5.8,1.8,2.1
20120303,68,6.2,2.4,0.5
20120304,72,5.6,2.9,4.4
20120305,85,5.3,2.7,15.7
20120306,76,4.9,3.1,3.6
20120307,61,4.5,2.3,0
20120308,54,3.9,2.2,0
20120309,60,3.9,2.1,0.5
20120310,61,4.5,2,0.1
20120311,42,0.3,4.7,0
20120312,40,-0.3,3.2,0
20120313,50,1.6,2,0
20120314,59,4.5,2.3,0
20120315,50,6.1,2,0
20120316,71,7.2,1.9,5.4
20120317,85,9.3,1.7,1.9
20120318,76,7.3,2.6,1.2
20120319,56,3.9,2.2,0
20120320,40,3.9,2.8,0
20120321,40,5.3,2.2,0
20120322,63,6.6,1.8,7.6
20120323,87,6,2.4,19
20120324,54,4.8,4.7,1.2
20120325,40,4.4,4.3,0
20120326,42,4.6,2.8,0
20120327,47,8.1,2.6,0
20120328,59,9.9,1.9,0
20120329,60,11.9,2.6,0.6
20120330,78,12,2.8,25
20120331,42,7,4,0.1
20120401,38,5.5,2.4,0
20120402,61,10.1,2.6,5.7
20120403,65,6.7,5.2,24
20120404,52,8.7,3.9,0
20120405,43,8.3,3.4,0
20120406,40,6.3,3.7,0
20120407,41,6.8,2.5,0
20120408,45,13.3,3.4,0
20120409,61,16,2.4,0
20120410,77,13.7,2,4.8
20120411,81,12.5,2.5,2.2
20120412,51,10.8,2.7,0
20120413,60,10.5,1.6,0.7
20120414,62,12.7,1.9,0
20120415,54,14.7,1.8,0
20120416,56,13.3,2.3,0
20120417,56,11.9,1.9,0
20120418,53,13.5,1.7,0
20120419,61,13.6,2,1.9
20120420,64,15,3,0.7
20120421,84,12.6,3.8,57.6
20120422,80,12.4,3.2,4.1
20120423,71,15.7,2.2,0.1
20120424,61,19,1.8,0
20120425,80,14.7,2.7,28.6
20120426,50,13.1,4,0.5
20120427,42,14.5,2.4,0
20120428,48,16.9,2.2,0
20120429,65,16.8,1.4,0
20120430,62,18.7,2.7,0.3
20120501,70,18.8,1.7,5.6
20120502,73,19,2.4,1.2
20120503,72,17.4,2.2,1.5
20120504,61,18.9,2.2,0.1
20120505,46,19.6,2.8,0.1
20120506,41,17.7,2.5,0
20120507,49,18.4,1.7,0
20120508,60,18.9,1.8,1.1
20120509,67,18.4,2,0.1
20120510,71,15.9,2.4,0.2
20120511,69,14.5,2.3,0.1
20120512,65,15.5,2,0
20120513,67,16.9,1.4,0
20120514,87,15.6,1.2,17.6
20120515,69,17.5,2.2,0.5
20120516,63,17.3,2,0.1
20120517,64,16.1,2.6,1.3
20120518,60,16.7,1.8,0
20120519,57,17.8,1.4,0
20120520,58,19,1.6,0
20120521,57,19.4,1.9,0
20120522,54,20,1.6,0
20120523,54,20.7,1.7,0
20120524,60,19.7,1.5,0.3
20120525,60,19.9,1.8,0.3
20120526,49,19.7,1.7,0
20120527,54,20.4,1.9,0.3
20120528,67,19.7,1.8,1.3
20120529,62,20.4,1.7,0.1
20120530,74,18.7,1.8,3.5
20120531,71,19.6,1.6,1.1
20120601,68,19.8,1.6,0
20120602,65,20.3,1.8,1.5
20120603,62,20.9,1.6,0
20120604,63,21.6,1.6,0.2
20120605,65,23.1,1.9,0
20120606,66,22.7,2,0
20120607,69,22.7,1.7,0
20120608,84,20.1,1.4,7.7
20120609,75,21.6,1.7,0
20120610,71,22.1,1.8,1.1
20120611,74,21.5,1.5,0.2
20120612,72,22,2,2.2
20120613,71,21.4,2.3,1.4
20120614,67,21.5,2.6,0
20120615,77,20.4,2.2,4.5
20120616,73,22.2,1.7,0.3
20120617,67,23.2,1.7,0
20120618,73,22.2,1.5,3.3
20120619,71,22.9,2.1,7.2
20120620,72,22.6,1.9,0.2
20120621,70,23.5,1.8,0.1
20120622,72,23.1,1.7,0.1
20120623,71,23.8,1.6,1
20120624,69,23.3,2.2,0.8
20120625,60,22.7,2.9,0
20120626,63,21.7,3.1,0.4
20120627,68,21.4,2.7,0.2
20120628,68,22.8,2,0
20120629,73,23.5,2,4.6
20120630,89,23.3,2.8,37.4
20120701,79,23.4,2,0.5
20120702,73,24,1.7,0.1
20120703,77,24.6,1.9,1.1
20120704,76,25.4,2.1,0.3
20120705,88,23.9,1.7,25.2
20120706,89,23.2,2.7,64
20120707,77,23,1.9,2.1
20120708,75,24,1.5,0
20120709,76,24.9,1.4,0
20120710,78,24,2.2,6.4
20120711,89,24.1,2.3,33.2
20120712,80,25,1.6,0.8
20120713,85,24.8,1.7,23.6
20120714,89,23.3,1.8,25.1
20120715,90,22.4,2.6,48.2
20120716,83,23,1.5,0.6
20120717,87,23.5,1.5,8
20120718,84,25.4,2.3,14.1
20120719,84,25.6,3.3,27.9
20120720,79,26.1,1.7,0.2
20120721,79,26.1,1.4,0.1
20120722,83,25.6,1.8,3.9
20120723,79,27.3,2,0.7
20120724,75,28,1.7,0
20120725,74,28,1.6,0
20120726,72,27.9,1.6,0
20120727,73,28,1.8,0
20120728,73,28.2,1.7,0
20120729,73,28.7,2,0
20120730,72,28.8,2.1,1.2
20120731,72,28.9,1.6,0.1
20120801,67,29.4,2.3,0
20120802,68,28.8,2.9,0.3
20120803,69,28.8,2.5,0
20120804,69,28.8,1.9,0
20120805,68,29.2,1.8,0
20120806,69,29,2,1.2
20120807,66,28.2,2.2,0.2
20120808,67,27,2,0
20120809,73,27.2,1.5,0.2
20120810,83,25.3,1.3,8
20120811,75,26.9,1.5,0.8
20120812,85,26.2,1.5,26.8
20120813,86,25.5,1.9,35
20120814,81,25.4,2,6.2
20120815,83,26.5,2.9,42.8
20120816,87,25.6,1.5,21.1
20120817,83,26.9,1.5,2.7
20120818,84,27.6,1.6,2.6
20120819,79,28.2,2.4,1.5
20120820,84,26.8,2.2,17.7
20120821,82,26.7,1.8,17.4
20120822,89,23.6,1.7,29.4
20120823,88,22.4,2,38.5
20120824,88,22.4,2.4,40.8
20120825,82,25.6,1.7,3.4
20120826,77,27,1.7,0
20120827,73,27.1,3.1,1.9
20120828,78,25.9,6.8,38.3
20120829,76,26.2,2.7,2.6
20120830,88,22.3,3.2,67.5
20120831,74,22.6,2,1.7
20120901,80,22.9,1.4,0.5
20120902,80,23.3,1.3,0.3
20120903,79,23.7,1.4,0.1
20120904,86,23.1,1.8,23.3
20120905,76,22.8,1.9,9.9
20120906,68,20.8,1.6,0
20120907,75,21.9,1.8,8.7
20120908,79,21.9,2.2,33.3
20120909,85,19.9,1.3,7.9
20120910,80,21,1.6,10.4
20120911,74,20.9,1.6,0
20120912,78,21.1,1.3,0
20120913,86,21.3,1.1,5.8
20120914,83,19.8,1.5,4.3
20120915,79,19.8,1.7,2.9
20120916,88,18.8,2.6,46.6
20120917,88,18.8,4.8,95.5
20120918,75,20.7,2.2,0.1
20120919,74,19.6,1.9,0.3
20120920,75,18.9,1.4,0
20120921,78,18.7,1.3,0
20120922,77,19.1,1.3,0.1
20120923,73,19.3,1.5,0
20120924,72,19.1,1.6,0
20120925,71,19.2,1.7,0
20120926,73,18.8,1.5,0
20120927,77,18.8,1.5,0
20120928,78,18.6,1.7,1.6
20120929,66,16.6,2.3,0.1
20120930,71,15.9,1.8,0
20121001,73,16.7,1.4,0
20121002,75,17.3,1.3,0
20121003,72,17.4,1.5,0
20121004,73,17.1,1.4,0
20121005,76,17.5,1.2,0
20121006,72,17.9,1.5,0.1
20121007,70,16.7,1.6,0
20121008,68,15.6,1.7,0
20121009,73,15.2,1.3,0
20121010,76,15.4,1.8,1.6
20121011,63,13.7,2.1,0
20121012,64,13.4,1.4,0
20121013,67,14.5,1.2,0
20121014,64,15.4,1.5,0
20121015,56,13.7,1.7,0
20121016,66,15.6,1.7,0
20121017,66,13.6,2.6,1.6
20121018,52,10.5,2.2,0
20121019,62,12.3,1.4,0
20121020,68,13.6,1.5,0.1
20121021,70,15.7,1.2,0
20121022,78,14.7,2.8,26.7
20121023,54,11,3.1,0
20121024,69,11.6,1.5,0
20121025,74,13.2,1.3,0.1
20121026,73,14.5,1.4,0
20121027,90,14.8,1.9,25.4
20121028,65,15.4,3,0
20121029,70,12.1,1.5,0
20121030,61,10.3,2.6,0.3
20121031,60,8.2,2.2,0.4
20121101,49,7.2,3.1,0.1
20121102,56,6.2,1.5,0
20121103,61,8.1,1.2,0
20121104,76,10.8,2.2,5.8
20121105,78,10.4,1.9,3
20121106,75,9.3,2.6,4.5
20121107,67,9.8,2.6,0
20121108,73,10,1.5,0
20121109,75,9.8,1.5,0
20121110,63,12.1,3.3,3
20121111,71,10.6,3.7,18.1
20121112,54,9.6,4,1.2
20121113,62,7.3,3.2,3.1
20121114,60,4.8,3.1,0.7
20121115,62,4.9,1.8,0
20121116,77,5.9,1.2,5.7
20121117,65,7.5,2.8,4
20121118,60,4.5,1.6,0
20121119,65,5.3,2.7,1.1
20121120,56,3.2,2.1,0
20121121,64,3.7,1.1,0
20121122,68,6.2,1.2,0
20121123,64,6.1,2.4,0.5
20121124,56,3.3,2.2,0
20121125,60,3.5,1.4,1.2
20121126,62,3.8,3.2,2.8
20121127,52,1.8,1.7,0
20121128,62,6.2,2.7,0.8
20121129,50,2.9,1.8,0
20121130,51,2.6,1.6,0.1
20121201,54,1,2.2,0.2
20121202,73,3.1,1.3,0.6
20121203,76,3.2,2.6,3.2
20121204,52,0.2,3.5,0.1
20121205,67,0,2.8,6.7
20121206,59,-3.8,2.6,0.6
20121207,79,-2.1,1.8,3.3
20121208,62,-3.9,2.8,0.9
20121209,58,-6.2,2.9,0.4
20121210,60,-5.4,2.1,0
20121211,61,-4.2,1.8,0
20121212,61,-3.6,1.5,0
20121213,60,-1.3,1.2,0
20121214,86,3.3,1.7,25.3
20121215,88,5.3,1.7,0.5
20121216,81,3.3,1.3,0
20121217,71,2.7,2.6,0
20121218,52,-2.8,3.5,0
20121219,55,-4.2,2.2,0
20121220,52,-1.8,1.8,0
20121221,78,0.9,1.6,6.7
20121222,71,0.1,2.7,0
20121223,55,-4.8,3.7,0.4
20121224,59,-6.7,1.8,0.1
20121225,55,-4.3,3.1,0.3
20121226,43,-8,2,0
20121227,48,-4.1,1.3,0
20121228,83,-0.7,1.4,7.3
20121229,88,0.7,1.2,2.2
20121230,63,-3.5,3.5,1.5
20121231,61,-6.1,2.1,0.2
20130101,77,-3.2,1.7,2
20130102,52,-6,3.3,0.4
20130103,51,-9.9,2.8,0
20130104,54,-9,1.7,0
20130105,59,-5.9,1.9,0
20130106,60,-4.1,1.7,0
20130107,53,-4,1.7,0
20130108,55,-3.2,1.8,0
20130109,48,-5.6,2.9,0
20130110,47,-6.9,2.1,0
20130111,57,-4.3,1.3,0
20130112,69,0.3,1.7,0.1
20130113,73,-0.7,1.2,0
20130114,66,-0.7,2.1,0.1
20130115,69,-1.9,1.1,0
20130116,69,-0.7,1.9,0.1
20130117,64,-2.8,2.9,1.9
20130118,59,-3.3,1.9,0
20130119,65,-0.1,1.7,0
20130120,69,1.4,1.5,0
20130121,91,3.8,1.8,19.3
20130122,87,3.6,1.8,2.2
20130123,87,2.5,1.4,1.4
20130124,67,0.9,3.1,0.3
20130125,42,-4.6,4.1,0
20130126,46,-5.5,3.2,0
20130127,58,-5,2.8,0
20130128,60,-1.8,1.8,0
20130129,73,2.2,1.1,0
20130130,75,4.1,1,0
20130131,70,6.4,1.5,0.5
20130201,90,8.6,2.5,31.3
20130202,54,3,3.4,0
20130203,62,-0.2,1.4,3.2
20130204,79,2,2.3,4.2
20130205,84,0.6,1.3,3.9
20130206,77,1.1,2.7,2.2
20130207,47,-6.2,4.5,0.1
20130208,48,-8.2,2.6,0
20130209,55,-5.1,2,0
20130210,59,-1.7,2.4,0.1
20130211,49,-2.8,1.9,0
20130212,64,-1.7,1.8,0.3
20130213,60,-0.9,1.7,0
20130214,56,2.1,1.3,0
20130215,45,1.4,3.1,0
20130216,45,-1.6,1.8,0
20130217,59,2,1.3,1.9
20130218,66,2.9,2.3,1.8
20130219,40,-0.1,3.4,0.5
20130220,38,-1.9,2.7,0
20130221,46,-0.2,2.1,0
20130222,57,1.6,2.5,0.6
20130223,44,0.1,2.9,0
20130224,50,1.8,1.8,0
20130225,49,3.1,1.2,0
20130226,63,4.9,1.2,0.2
20130227,61,6.1,2.1,0
20130228,50,8,1.8,0
20130301,58,4.2,4.2,4.9
20130302,50,0.4,2.9,0
20130303,54,1.3,2.1,0
20130304,56,3.4,2.2,0
20130305,51,4.7,2.1,0
20130306,49,7.9,1.9,0
20130307,69,9.4,2.6,0.8
20130308,64,9.8,2.4,0
20130309,54,13.5,2.7,0
20130310,44,5.8,3.9,0
20130311,51,4.5,1.7,0
20130312,59,9.1,1.8,1.4
20130313,79,6.5,3.4,16.1
20130314,64,4.3,1.9,0
20130315,59,5.9,2,0
20130316,50,7.6,1.8,0
20130317,64,8.9,1.9,16
20130318,79,10.3,2.5,16.3
20130319,68,10.7,1.9,0
20130320,66,5.5,3.4,2.3
20130321,46,2.5,2.1,0
20130322,59,5.3,2.1,0
20130323,58,6.7,1.8,0
20130324,57,6.5,2.5,0
20130325,55,3.8,3,0.8
20130326,53,5.1,1.7,0
20130327,51,9,1.8,0
20130328,49,9.9,2.3,0
20130329,41,7.2,2.8,0
20130330,55,6.6,1.9,0.3
20130331,60,7.3,2.2,0.6
20130401,57,9.2,1.7,0
20130402,77,7.4,2.6,1.4
20130403,55,10,2.6,0
20130404,49,11.9,2,0
20130405,59,13.1,1.8,0.3
20130406,86,8.5,3.1,24.7
20130407,64,5.2,3.8,1.6
20130408,51,8.6,2.6,0.1
20130409,43,8.2,4.3,0.3
20130410,49,5.5,3.3,0.1
20130411,49,7,3.6,0.5
20130412,47,6.9,2.7,0
20130413,42,11.8,3.1,0
20130414,46,11.4,3.8,1.5
20130415,44,7.9,1.7,0
20130416,61,15.6,3.3,0.1
20130417,79,12.1,2.6,0.3
20130418,61,11.8,2.7,0
20130419,48,9.4,2.4,0
20130420,81,5.8,1.6,9.7
20130421,60,8.8,2.5,0
20130422,49,11.3,1.8,0
20130423,78,10.9,1.7,22.1
20130424,70,13.6,2.8,1.5
20130425,72,10.8,2.6,2.2
20130426,56,11.4,3.2,0.5
20130427,60,11.6,2,0.8
20130428,62,15.2,2.3,0
20130429,73,14.6,2.9,7.5
20130430,52,13.2,2.5,0.1
20130501,63,11.6,2.2,0.2
20130502,71,11.8,2,1.1
20130503,68,12.5,2,0.9
20130504,61,14,2.2,0.1
20130505,52,15.6,2.4,0
20130506,47,16.8,2.4,0
20130507,60,16.1,2.1,0
20130508,55,17.5,1.7,0
20130509,65,18,1.9,3.8
20130510,85,15.6,2.5,15.9
20130511,61,18.1,2.3,0
20130512,60,20.2,3,0.1
20130513,56,20.2,2,0
20130514,61,18.9,1.9,0
20130515,67,18.9,2.2,0
20130516,59,17.8,3.1,0
20130517,59,16.9,2.4,0
20130518,68,17.7,1.7,4.2
20130519,88,16.5,2,24.4
20130520,75,16.9,2.3,0
20130521,55,17.9,1.7,0
20130522,60,19.9,1.6,0
20130523,67,20.7,1.5,0
20130524,64,21.7,1.6,0
20130525,67,21.5,1.7,0
20130526,67,21.8,1.7,0
20130527,83,19.5,2.8,51.8
20130528,91,19.5,2.2,26.1
20130529,82,18.5,2.4,0.5
20130530,62,19.8,1.9,0
20130531,63,19.6,1.2,0
20130601,67,19.6,1.3,0
20130602,68,19.9,1.9,0
20130603,70,20.1,1.7,0
20130604,65,21.8,1.5,0
20130605,68,22.3,1.5,0
20130606,71,22.2,1.6,0.6
20130607,71,22.2,1.8,0.2
20130608,68,22.1,1.8,0
20130609,62,22.5,2.5,0
20130610,62,22.6,2.3,0
20130611,76,21,2,4.8
20130612,89,20.7,1.4,3.4
20130613,80,22.3,1.4,0.1
20130614,83,22.2,1.2,1.5
20130615,76,24,1.6,0.1
20130616,71,24.2,1.9,0
20130617,72,24,2,1
20130618,92,22.6,1.7,46.9
20130619,83,23.4,1.5,20.1
20130620,76,24.4,1.4,0
20130621,77,23.8,1.6,0.4
20130622,78,23.2,1.6,1.3
20130623,84,21.6,1.4,2.9
20130624,74,22.9,1.5,0
20130625,80,22.6,1.5,6.5
20130626,76,23.3,1.8,5.8
20130627,78,23.3,1.6,3.5
20130628,77,23.6,1.5,1.6
20130629,73,24.5,1.6,0.1
20130630,72,25.1,1.8,0
20130701,75,25.4,1.8,0
20130702,81,25.7,3.3,11.5
20130703,79,25.7,2.7,18.6
20130704,86,25.2,2.2,22.3
20130705,90,23.8,2,51.5
20130706,82,25,1.6,0
20130707,88,24.4,1.8,19.3
20130708,83,26.1,3.2,14.6
20130709,79,27,2.6,1.7
20130710,79,26.9,2.4,2.3
20130711,78,26.8,2.4,5
20130712,80,26,2.5,6.3
20130713,84,26.2,1.8,18.4
20130714,85,25.9,2.2,23.6
20130715,83,26,2.2,14.2
20130716,70,27.3,3.5,0.5
20130717,77,26.4,2.6,8.5
20130718,79,26.4,1.7,4.7
20130719,78,26.6,1.8,0.4
20130720,74,27.4,2.3,1.1
20130721,79,27.2,2.5,1.3
20130722,79,27.3,2.2,16.6
20130723,85,26.3,2.4,17.3
20130724,79,26.7,2.9,4.8
20130725,73,26.7,2.2,0
20130726,73,27,1.9,0
20130727,75,26.5,1.4,0.1
20130728,87,26,1.7,11.1
20130729,82,27.4,2.1,5.2
20130730,84,26.3,1.6,8.5
20130731,84,27,2,12.9
20130801,82,27.2,1.5,3.6
20130802,84,27,1.8,3.7
20130803,84,27.2,1.9,9.1
20130804,84,27.4,1.7,7.6
20130805,80,27.6,2,4.9
20130806,80,27.6,1.9,9.8
20130807,79,28.9,1.6,0
20130808,76,29.7,2.1,0
20130809,76,29.9,2.2,2.1
20130810,78,28.4,1.8,6.4
20130811,74,28.8,1.5,0.2
20130812,74,28.9,1.6,0.2
20130813,73,28.4,1.7,0
20130814,72,28.2,1.7,0
20130815,73,28.4,1.8,0.1
20130816,72,28.4,1.9,0.5
20130817,71,28.4,2.2,0
20130818,73,28.7,2,0.7
20130819,73,28.4,1.7,2.5
20130820,70,27.6,1.6,0.6
20130821,75,27.5,1.8,1.4
20130822,80,27.8,1.5,6.6
20130823,90,25.4,1.3,38.7
20130824,84,24.7,1.2,31
20130825,75,24.9,1.4,2.3
20130826,72,24.9,1.5,0.1
20130827,73,25.1,1.5,0
20130828,74,25.4,1.6,0
20130829,83,25.5,2.7,23.4
20130830,80,25.1,1.7,4.7
20130831,73,23.3,2.1,3.7
20130901,71,22.9,1.7,0
20130902,69,22.1,1.6,0.2
20130903,70,20.2,1.8,0
20130904,65,20.6,2.1,0
20130905,73,20.1,1.6,0
20130906,84,19.2,1.4,5.2
20130907,81,20.5,1.3,1.6
20130908,76,21.4,1.4,0
20130909,76,21.7,1.3,0
20130910,77,22.5,1.2,3
20130911,86,22.3,1.4,9.9
20130912,86,22.5,1.1,2.9
20130913,85,24.2,1.7,14.4
20130914,88,22.4,1.5,40.6
20130915,75,22.7,2,0
20130916,67,20.4,1.8,0.1
20130917,70,21,1.3,0
20130918,70,22.5,1.5,0
20130919,72,22.4,1.8,0
20130920,77,22.4,1.4,0
20130921,75,22.9,1.5,0
20130922,71,22.2,2.4,1.6
20130923,71,22.1,1.8,0
20130924,84,21.8,1.4,3.8
20130925,71,19.6,2.5,1.1
20130926,60,17.1,1.9,0.2
20130927,65,17.2,1.4,0
20130928,77,18.2,1.4,2.1
20130929,93,18.8,1.3,26.8
20130930,85,20.9,1.5,7.2
20131001,80,20.8,1.6,0.5
20131002,76,19.4,2,2.4
20131003,64,16.1,2,0.1
20131004,68,16.2,1.6,0
20131005,70,18.5,1.9,0
20131006,77,20.9,2.6,2.7
20131007,80,22.5,1.9,0.9
20131008,90,20.3,2.6,30.7
20131009,81,20,1.6,0.6
20131010,88,19.9,1.1,8.2
20131011,65,18.8,3.2,0.3
20131012,57,15.5,2.1,0
20131013,68,15.8,1.3,0
20131014,74,17.3,1.3,0
20131015,77,14.4,2.9,5.8
20131016,63,11.1,2.2,0
20131017,70,11.1,1.2,0
20131018,71,13,1.4,0
20131019,74,14.3,1.5,0
20131020,73,15.9,1.6,0.1
20131021,72,14.9,1.8,0
20131022,67,15.1,2.2,0.2
20131023,70,15.4,1.9,0
20131024,68,14.1,2.1,0
20131025,53,10.9,2.8,0
20131026,65,10,1.9,0
20131027,68,10.1,1.4,0
20131028,70,10.5,1.1,0
20131029,70,12.2,1.5,0.3
20131030,68,11.9,1.7,0
20131031,72,12,1.1,0
20131101,71,14,1.3,0
20131102,82,14.1,1.2,2
20131103,79,13.4,1.3,0.1
20131104,74,12,1.8,0.3
20131105,72,11.1,1.2,0
20131106,80,12.3,1.2,0.9
20131107,60,12.8,2.6,0.5
20131108,61,9.3,1.4,0
20131109,77,11.9,1.5,12.5
20131110,56,9.3,3.7,0.6
20131111,46,4.9,3,0
20131112,53,4.6,2.4,0
20131113,63,4.7,1.3,0
20131114,69,6.5,1.3,0.5
20131115,74,8.3,1.4,0.7
20131116,70,7.2,1.4,0.5
20131117,58,7.1,3.6,1.4
20131118,58,3.2,3.8,1.4
20131119,59,3.5,3.6,0.8
20131120,54,3.4,2.8,0.1
20131121,62,3.8,2,0
20131122,63,5,1.9,0
20131123,68,6.1,1.5,0
20131124,73,8.4,2.1,14
20131125,62,7.5,5,12.6
20131126,60,3.5,2.4,0.3
20131127,76,1.8,2.8,6.7
20131128,67,-1.3,2.4,1.3
20131129,67,1.1,2.2,0.5
20131130,72,3.9,1.6,0
20131201,72,4.5,1.7,0
20131202,68,4,1.7,0
20131203,68,5,1.4,0
20131204,74,4.6,1.3,0
20131205,76,5.4,1.4,0
20131206,54,4.2,2.1,0
20131207,64,3.9,1.4,0
20131208,72,4.5,1.2,0
20131209,81,5.8,2.1,8.5
20131210,62,3,3.1,1.2
20131211,66,0.9,3.3,2.2
20131212,65,1,2.7,3.1
20131213,59,-2.4,3,0.3
20131214,65,-0.5,2.3,0.3
20131215,54,-1.2,2.2,0
20131216,59,-1.3,1.1,0
20131217,66,2,1.5,1.7
20131218,71,4.2,2.1,0.4
20131219,65,-0.2,3.5,1.2
20131220,68,-0.9,3.2,1.2
20131221,67,-0.4,2.2,0.1
20131222,65,-0.8,1.5,0
20131223,62,0.3,2,0
20131224,64,-0.4,1.4,0.1
20131225,69,0.8,1.1,0
20131226,69,1.6,2.2,0.3
20131227,53,-2.4,3.7,0
20131228,55,-3.9,2.5,0.1
20131229,64,-1.7,2.1,0.3
20131230,61,2.8,2.3,0
20131231,60,4.1,2.5,0
20140101,51,4.8,3,0
20140102,49,2.6,1.6,0
20140103,54,2.6,1.2,0
20140104,63,1.5,1.7,1.2
20140105,62,0.7,1.6,0.1
20140106,59,0.2,1.1,0
20140107,60,1.9,1.1,0
20140108,65,2.1,2.4,1.8
20140109,34,-4.4,3.6,0
20140110,56,-3.7,1.8,0
20140111,58,-0.8,1.6,0
20140112,56,-0.4,2.3,0
20140113,38,-3.9,2.3,0
20140114,43,-3.4,1.8,0
20140115,50,-2.3,1.8,0
20140116,62,-0.9,1.5,0
20140117,64,-0.1,1.2,0
20140118,53,-0.6,2.9,0
20140119,49,-1.7,1.4,0
20140120,69,1,2.4,1.5
20140121,66,-2.9,3,1.4
20140122,60,-2.7,2,0
20140123,62,-1,1.3,0
20140124,66,4,1.9,0
20140125,79,6.2,2.1,1.9
20140126,56,0.4,2.5,0.2
20140127,56,0.7,1.7,0
20140128,57,3,2.2,0.1
20140129,51,3,1.4,0.7
20140130,73,6.1,2.3,1.1
20140131,51,3.1,1.4,0
20140201,69,7.5,1.7,6
20140202,84,8.9,1.9,0.4
20140203,50,1.8,3.6,0
20140204,35,-4.9,3.7,0
20140205,40,-3.8,1.7,0
20140206,52,-0.5,1.7,0.3
20140207,66,2.6,2.6,2.8
20140208,81,2.2,2.3,3.2
20140209,76,0.4,2.5,3.2
20140210,72,0.1,2.4,2.2
20140211,63,0.1,2.1,0.6
20140212,65,0.9,1.7,0.4
20140213,68,1.6,2,2.1
20140214,63,1.9,2.3,0.2
20140215,62,1.7,1.6,0
20140216,62,2.7,1.2,0
20140217,66,4.1,2,2.5
20140218,61,2.4,2.8,0.5
20140219,60,1.6,1.8,0.1
20140220,64,1.5,1.8,0
20140221,57,1.1,1.7,0
20140222,61,1.8,1.4,0
20140223,62,2.9,1.3,0
20140224,61,4.2,1.3,0
20140225,61,5.6,1.3,0
20140226,72,6.2,1.4,4.1
20140227,68,8.6,1.9,0.2
20140228,68,7.1,1.9,0.1
20140301,76,6.6,1.5,2.1
20140302,59,5,2.5,0.6
20140303,52,4.3,1.6,0
20140304,57,5.1,1.5,0.2
20140305,45,3.1,3.7,0.7
20140306,39,1.4,2.7,0
20140307,35,1.3,3,0
20140308,46,2.4,2.1,0
20140309,52,2.5,3,1.3
20140310,45,2,2.3,0
20140311,48,5,2,0
20140312,79,5.8,1.5,23
20140313,80,4.2,3,8.8
20140314,66,3.3,2.1,0.3
20140315,59,6.9,2.6,0
20140316,62,10.6,2.2,0
20140317,71,12.4,2.5,1.3
20140318,67,12.6,3.1,0.5
20140319,64,9,2,0.1
20140320,69,6.4,3,2.7
20140321,59,5,2.6,0
20140322,58,7.6,1.9,0
20140323,52,10.2,2,0
20140324,50,11.2,2.3,0
20140325,72,14.2,1.8,9.3
20140326,80,13.8,1.6,8.9
20140327,71,12.7,1.6,0
20140328,59,15.7,1.9,0
20140329,82,14.2,1.9,10.7
20140330,73,12.7,2.6,3.8
20140331,66,12,1.4,0
20140401,56,13.2,1.5,0
20140402,48,14.3,1.6,0
20140403,62,10.7,2.4,4.9
20140404,54,7,3,0.8
20140405,59,6.2,2.6,0.6
20140406,44,8,3.3,0
20140407,47,11.6,2.8,0
20140408,47,12.2,1.8,0
20140409,59,12.9,1.8,0
20140410,61,12.8,2.3,0
20140411,62,12.3,1.7,0.1
20140412,66,13.4,1.4,0.1
20140413,68,13.5,1.8,2.4
20140414,53,13.7,1.9,0
20140415,57,16,2.4,0
20140416,60,16.3,2,0
20140417,68,13.4,1.8,12.5
20140418,76,13.5,1.9,0.7
20140419,61,12.5,2.7,0
20140420,56,13.6,2.2,0
20140421,56,15,2,0
20140422,47,14.9,1.9,0
20140423,48,15.4,1.7,0
20140424,48,16.6,1.6,0
20140425,43,17.1,1.5,0
20140426,50,17.1,1.6,0
20140427,78,15.6,1.8,12.1
20140428,88,13.6,3,27.2
20140429,85,14.2,2.4,23.2
20140430,77,14.5,1.7,1.1
20140501,66,16.3,2,0
20140502,61,17.4,2.8,0.2
20140503,48,14.4,3.3,0
20140504,58,13.3,2.4,1.2
20140505,47,11.6,3.3,0.1
20140506,47,12.7,2.2,0
20140507,49,15.3,2.6,0.3
20140508,69,15.4,2.9,2.7
20140509,60,15.5,1.8,0
20140510,49,17.2,2.2,0
20140511,61,17.3,3.2,18.5
20140512,69,17.9,3.3,15.6
20140513,59,20.1,2.6,0
20140514,64,18.5,1.9,1.6
20140515,56,18.6,3,0
20140516,49,19,2.3,0
20140517,56,18.7,1.7,0
20140518,60,18.6,1.6,0
20140519,58,19.4,1.6,0
20140520,70,18.4,1.4,4.5
20140521,69,18.4,2.3,0
20140522,67,19.5,1.9,0
20140523,74,19.2,1.9,0
20140524,68,21.8,1.9,0
20140525,74,20.5,2.5,7.7
20140526,59,20.5,2.9,2.3
20140527,48,22,2.8,0
20140528,65,21.6,2.3,1.2
20140529,60,22.8,1.8,0
20140530,51,23.6,1.7,0
20140531,55,24.3,1.7,0
20140601,60,23.9,1.4,0
20140602,72,20.9,2.4,5.9
20140603,86,19.1,2.4,19.8
20140604,72,21.1,2.8,3.1
20140605,72,20.7,2.2,1.2
20140606,67,21.4,1.7,0
20140607,72,21,1.8,0.2
20140608,77,20.6,1.8,0.7
20140609,77,20.9,1.8,0.9
20140610,77,21,2,4
20140611,78,20.4,2,4.8
20140612,79,19.4,1.7,7.2
20140613,78,20.3,1.9,1
20140614,70,22.1,1.9,0
20140615,65,22.6,2.1,0
20140616,63,23.3,1.8,0
20140617,74,22,1.7,1.9
20140618,71,22.5,1.8,0.3
20140619,74,22.6,1.8,0.3
20140620,76,22.2,1.9,1.4
20140621,79,21.3,2.1,2.3
20140622,75,21.9,1.8,5.9
20140623,83,21.1,1.6,12.4
20140624,80,21.8,1.7,2.5
20140625,75,22.8,1.5,0
20140626,72,23.7,1.5,0
20140627,70,24,1.7,0
20140628,69,24,2.2,0.8
20140629,71,23.4,1.8,0
20140630,75,23.7,1.6,1.7
20140701,73,24.6,1.6,1.5
20140702,81,23.1,1.7,7.7
20140703,90,21.3,1.8,25.8
20140704,78,23.6,1.6,0.9
20140705,78,23.1,1.5,0.8
20140706,84,21.5,1.8,8
20140707,81,23.3,1.6,0.9
20140708,83,25,1.5,4.2
20140709,85,26.1,2.3,7.2
20140710,72,26.9,2.4,0
20140711,60,26.5,2.3,0
20140712,72,24.7,1.5,0.9
20140713,79,24,1.7,8
20140714,71,25.6,1.9,0
20140715,79,24.4,1.4,2
20140716,76,25.2,1.5,2.4
20140717,84,24.3,1.7,7.7
20140718,85,24.6,1.8,18.6
20140719,81,25.9,1.7,9.2
20140720,78,26.6,1.5,0.1
20140721,77,26.7,1.8,0
20140722,75,26.6,2.5,2.1
20140723,80,26.1,2.2,10.7
20140724,81,26.5,1.9,11.7
20140725,78,27.9,3.1,8.8
20140726,73,25.6,3.8,1.8
20140727,72,23.8,1.6,0.2
20140728,75,23.5,1.5,3.3
20140729,79,24.5,1.6,2.7
20140730,74,27.4,1.6,0
20140731,76,27.7,1.7,5.5
20140801,73,27.7,2.4,2.4
20140802,76,27,3.8,46
20140803,89,25.2,3.4,35.2
20140804,92,24.9,1.9,9.1
20140805,82,26.9,1.8,1.2
20140806,84,26,1.6,5.8
20140807,90,23,1.4,17.6
20140808,78,23.6,2.6,3.9
20140809,69,24.5,3.2,1.9
20140810,82,23.4,2.3,21.6
20140811,76,23.5,1.9,0.4
20140812,74,24.7,1.7,0
20140813,85,23.1,1.1,2.5
20140814,92,21,1.4,18.2
20140815,85,23.4,1.4,3.6
20140816,81,24.3,1.4,0.2
20140817,87,22.7,1.6,19.6
20140818,94,21.6,1.9,56.9
20140819,92,22.9,1.2,12.2
20140820,91,23.4,0.9,13.3
20140821,88,23.8,2.4,37.7
20140822,78,24.4,1.8,0.9
20140823,77,24.5,1.5,0
20140824,83,24.2,1.2,5.7
20140825,91,23.4,1.7,40.1
20140826,82,24.2,1.8,5.6
20140827,80,22.6,1.8,1.8
20140828,79,22.1,1.5,1.2
20140829,79,22.1,1.6,4.1
20140830,75,21.9,1.6,0
20140831,76,21,1.3,0
20140901,74,22.2,1.6,0.1
20140902,81,21.4,2,7
20140903,92,21.5,2,31.7
20140904,78,22.8,1.7,0.4
20140905,76,23,1.4,0
20140906,78,22.6,1.3,0.6
20140907,80,22.9,1.3,0
20140908,80,23.2,1.4,0
20140909,74,22.2,1.5,0
20140910,72,21.1,1.5,0
20140911,73,21.5,1.4,0
20140912,80,20.9,1.2,0.3
20140913,71,21.5,1.9,0.2
20140914,71,20.8,1.6,0
20140915,73,21.7,1.3,0.1
20140916,67,21.3,1.5,0
20140917,75,20,1.3,2.4
20140918,71,19.5,1.6,0.1
20140919,70,18.6,1.5,0
20140920,68,19.1,1.5,0
20140921,70,19.2,1.4,0.1
20140922,70,20,1.7,0
20140923,73,20.6,1.9,8.2
20140924,92,19.2,2.1,61.6
20140925,80,20.2,1.4,0.3
20140926,78,19.9,1.6,0.4
20140927,79,20.2,1.4,0.1
20140928,80,20.9,1.2,0.1
20140929,90,19.9,1.1,4.9
20140930,80,18.6,2,1.1
20141001,78,18.3,1.6,0
20141002,80,18.6,1.5,2.3
20141003,70,17.2,2.5,0.2
20141004,67,16.5,2.6,0.3
20141005,62,16.2,2.7,0
20141006,66,15.3,1.9,0
20141007,71,15,1.4,0
20141008,73,15.4,1.3,0
20141009,73,16.4,1.3,0
20141010,69,18,2.4,0
20141011,63,18.5,2.9,0
20141012,72,17.8,2.2,0.9
20141013,74,16.4,3.5,14
20141014,68,12.9,1.6,0
20141015,71,12.7,1.4,0
20141016,61,12.9,2.4,1.4
20141017,58,12,1.4,0
20141018,65,13,1.1,0
20141019,68,15.1,1.3,0
20141020,93,16.6,1.3,18.4
20141021,93,15.9,2.1,41.6
20141022,82,13.2,2.3,13.7
20141023,78,12.5,1.3,0
20141024,79,13.8,1.3,0
20141025,76,14.6,1.3,0
20141026,74,15.5,1.8,0.1
20141027,58,12.5,2.2,0
20141028,65,10,1.2,0
20141029,69,11.2,1,0
20141030,71,12.8,1.1,0
20141031,88,12.9,1.6,23.6
20141101,89,15.1,1.3,1.9
20141102,62,12.3,3.3,2
20141103,48,8.8,2.8,0
20141104,67,9.2,1.2,0
20141105,71,10.3,1.2,0
20141106,72,12.3,1.5,0.1
20141107,75,10.3,1.4,2.4
20141108,82,11.2,0.9,0.5
20141109,65,10.8,1.9,0
20141110,64,8.6,1.3,0
20141111,68,9,1.3,0.4
20141112,57,8.6,4.1,2.2
20141113,47,2.8,3.5,0.1
20141114,58,5.2,1.9,0.2
20141115,58,5.6,1.6,0
20141116,51,7.7,1.2,0.2
20141117,65,7.1,2,0.5
20141118,61,5.4,1.8,0
20141119,59,4.8,1.2,0
20141120,61,6.2,1.1,0
20141121,68,8.1,1.2,0
20141122,79,9.3,1.2,1
20141123,81,8.9,1.2,0
20141124,87,9.7,1.4,28.1
20141125,75,10.2,2.3,1.7
20141126,74,9.4,1.5,0.1
20141127,82,8.5,1.1,0
20141128,89,9.5,1.9,5.9
20141129,78,10.3,1.8,0
20141130,92,9.9,1.7,9.5
20141201,60,2.7,5.2,1.8
20141202,50,-2.6,3.7,0.7
20141203,68,0.7,2.6,2.3
20141204,63,-0.4,2.5,1.6
20141205,58,-3.1,2.8,1.3
20141206,59,-2.3,2.7,0.2
20141207,62,-1.4,1.4,0
20141208,68,0.2,1.9,1.9
20141209,56,-0.9,1.6,0
20141210,67,3.3,1.4,0.4
20141211,60,2.5,3,0.2
20141212,63,-0.2,2.4,1
20141213,57,-2.3,2.7,0.7
20141214,60,-1.6,1.9,0
20141215,72,2,1.4,2.2
20141216,63,-1.1,4.1,5
20141217,51,-6,4.2,1.9
20141218,46,-5.3,2.4,0
20141219,61,-2.1,1.2,0.6
20141220,63,0.8,2.9,2
20141221,58,-3.3,2.3,0.7
20141222,68,-2.5,2.2,0.5
20141223,68,0.1,1.4,0
20141224,67,3.4,2.2,0.2
20141225,51,-0.3,2.7,0
20141226,53,-2.1,1.6,0
20141227,61,-1.1,1.1,0
20141228,65,-0.1,1.2,0
20141229,72,2.7,1.5,0
20141230,59,3.5,2.1,0
20141231,61,0.1,3.1,0.9
20150101,49,-4.9,3.9,0.5
20150102,55,-3.8,2.8,0.3
20150103,57,-2.3,1.7,0
20150104,71,2.4,1.3,0
20150105,75,3.8,1.3,4.1
20150106,55,1.8,3.7,4.7
20150107,42,-3,2.9,0
20150108,55,-2.5,2.2,0
20150109,61,-0.2,2.2,0
20150110,58,1,2.2,0
20150111,59,1,2.8,0.1
20150112,53,-1.7,1.6,0
20150113,59,0.4,1,0
20150114,64,2.7,1,0.4
20150115,69,3.1,1.6,0.2
20150116,74,1.5,2.4,0.3
20150117,47,-0.9,3.5,0
20150118,59,0,2.1,1.3
20150119,60,2.7,3.2,0.4
20150120,65,0.4,1.3,0
20150121,77,2.9,1.1,3.1
20150122,82,3.1,2,1.9
20150123,75,1.4,1.4,0
20150124,69,2.6,1.5,0
20150125,80,3.7,1.4,3.8
20150126,90,5.6,1.8,1.7
20150127,62,0.5,3.1,0.3
20150128,61,-2.1,2,0.3
20150129,78,0.3,1.2,1.4
20150130,57,0,3.1,0.2
20150131,53,-2.7,2.4,0
20150201,55,-1.9,1.4,0
20150202,61,-0.2,1.2,0
20150203,65,0.7,1.3,0
20150204,68,0.9,1.8,0
20150205,63,0.9,2.5,0.3
20150206,59,1.3,1.9,0
20150207,63,2.2,2.1,0
20150208,40,-4.8,4.6,0
20150209,47,-3.9,3.3,0.1
20150210,57,3,3,0
20150211,60,4,2.1,0
20150212,41,0.6,3.4,0
20150213,42,-0.7,2.7,0
20150214,64,2.2,1.9,0
20150215,70,6.1,1.8,3.8
20150216,92,5.1,2,10
20150217,74,3.6,2.9,0.3
20150218,70,2.3,2.5,0.1
20150219,68,2.3,1.7,0.2
20150220,66,4.2,1.5,0
20150221,82,6.4,1.8,7.9
20150222,73,6.3,2.9,1
20150223,56,3.2,2.7,0
20150224,57,3.4,1.9,0
20150225,58,5.2,1.4,0.1
20150226,53,3.6,3.5,0.2
20150227,42,-0.3,2.9,0
20150228,59,2,1.6,1.6
20150301,65,3.2,2.8,0.9
20150302,50,3.5,1.8,0
20150303,69,3.6,2,2.8
20150304,40,0.2,4.6,0
20150305,48,0.5,1.8,0
20150306,57,3,1.5,0
20150307,56,4.3,1.5,0
20150308,54,6.4,1.5,0
20150309,46,4.5,3.9,0.1
20150310,34,-1.6,5.1,0
20150311,43,2.5,3.9,0
20150312,38,3.5,2.9,0
20150313,61,5.6,2.1,1.2
20150314,48,4.8,1.6,0
20150315,48,6.4,1.4,0
20150316,47,9.3,1.3,0
20150317,51,11.7,1.4,0
20150318,84,9.6,2.6,31.8
20150319,75,11.4,1.8,0.5
20150320,60,12.1,1.5,0
20150321,49,11.9,1.8,0
20150322,41,9.7,3.1,0
20150323,34,5.5,3.3,0
20150324,44,4.9,2,0
20150325,49,5.9,1.6,0
20150326,44,8.1,1.9,0
20150327,44,9.6,2,0
20150328,40,11.1,2.1,0
20150329,55,12,1.8,0
20150330,64,13.1,1.8,0
20150331,85,12.8,1.4,3.1
20150401,85,11.7,2.5,1.9
20150402,78,13.4,3.5,7.7
20150403,80,12.9,3,9
20150404,71,11.1,3,17.8
20150405,89,10,1.6,3
20150406,82,10.4,1.9,4.2
20150407,73,7.5,2.2,0.9
20150408,69,7.9,1.8,0.3
20150409,65,9,1.6,0
20150410,59,10.5,1.8,0
20150411,56,11.4,1.7,0
20150412,54,11.9,2.5,0.6
20150413,74,10.4,3.3,7.5
20150414,80,8.6,2,10.2
20150415,66,12,2.7,1
20150416,67,11.6,3,2.7
20150417,46,11.4,2.4,0
20150418,47,13.7,1.7,2.4
20150419,89,14.2,1.8,14.2
20150420,89,11.5,2.1,11
20150421,63,12.8,1.8,0
20150422,52,13.8,2.1,0
20150423,48,14.4,2.1,0
20150424,47,15.6,2.1,0
20150425,40,15.7,1.9,0
20150426,39,18.2,2.2,0
20150427,44,18.7,2.1,0
20150428,62,17.6,1.9,8.2
20150429,85,15.8,2,23.2
20150430,75,17.9,1.6,0.2
20150501,72,19.2,1.6,0
20150502,71,19.8,1.8,1.9
20150503,92,17.6,1.7,12.9
20150504,54,16.4,3.2,0
20150505,45,14.2,2.2,0
20150506,50,14.9,1.5,0
20150507,49,16.3,1.8,0
20150508,53,16.9,1.5,0
20150509,62,17.7,2.1,0.2
20150510,64,16.7,1.9,0
20150511,73,16.8,2.9,23.8
20150512,67,15.8,4.1,9
20150513,50,19.6,4.1,0
20150514,63,20.7,2.5,0
20150515,78,19.1,1.8,1.3
20150516,58,18,2.2,0
20150517,47,18,1.6,0
20150518,67,16.3,1.6,4
20150519,74,17.9,2.2,0.7
20150520,57,16.7,2.5,0
20150521,53,18.7,2.3,0
20150522,45,20.7,2.2,0
20150523,48,20.2,1.7,0
20150524,48,20.3,1.7,0
20150525,53,20.2,1.8,0
20150526,50,21.8,1.8,0
20150527,49,21.4,1.5,0
20150528,53,21.7,1.7,0
20150529,53,22.5,1.6,0
20150530,77,19.1,1.6,2.7
20150531,67,20.4,1.7,0
20150601,59,21.8,1.7,0
20150602,63,21.7,1.6,0.4
20150603,46,21.7,2.9,0
20150604,44,21.6,1.7,0
20150605,71,16.9,1.5,3.2
20150606,66,19.1,1.9,0
20150607,63,20.9,1.9,0
20150608,73,20.2,1.4,1.3
20150609,71,21.7,1.7,0
20150610,61,23.7,1.8,0
20150611,75,21.8,1.9,1.7
20150612,65,23.2,2.4,0.7
20150613,69,22.6,2.3,0.7
20150614,77,21.8,1.9,5.1
20150615,75,23,1.6,0
20150616,78,22.6,1.7,1.1
20150617,79,21.4,1.8,2.9
20150618,70,22.5,2.2,0.8
20150619,69,22.4,2.2,2.2
20150620,87,19.4,1.4,12.2
20150621,76,21.2,1.5,0.1
20150622,73,22.3,1.7,0.2
20150623,72,23.1,1.7,0.1
20150624,77,22.5,1.6,3.4
20150625,80,21.8,2,14.6
20150626,86,20.9,2.8,32.4
20150627,77,21.6,2,0.7
20150628,76,22.1,1.8,0
20150629,73,23.5,1.7,0.2
20150630,84,21.4,1.4,11.5
20150701,73,22.6,2.5,0.9
20150702,69,22.4,2,0.2
20150703,68,22.3,1.9,0.5
20150704,70,21.2,1.8,0
20150705,72,21.8,1.6,0.4
20150706,73,22.2,1.5,0.2
20150707,82,20.1,1.7,13.3
20150708,90,21,2,23
20150709,86,22.8,2,19.1
20150710,79,25,1.8,0
20150711,81,25.9,1.8,9.2
20150712,91,24.2,3.8,44.8
20150713,82,23.9,4,3.6
20150714,77,25.4,2,0.1
20150715,76,25,1.9,1
20150716,67,22.9,3.3,0
20150717,67,21.6,2.3,0.3
20150718,75,23,1.5,0.1
20150719,80,24,1.5,1.5
20150720,86,24.3,1.6,2.7
20150721,89,24.6,1.3,4.1
20150722,87,25.7,1.3,2.8
20150723,88,25.9,1.9,13
20150724,90,25.6,2.5,17.4
20150725,82,26.5,2.7,8.8
20150726,77,27,1.7,3.8
20150727,82,26.6,1.6,1.8
20150728,80,27.4,1.6,0.6
20150729,85,27.3,1.7,7.1
20150730,79,28.7,2,0
20150731,78,28.3,1.9,0.2
20150801,79,27.6,1.8,1
20150802,83,27,1.9,5.1
20150803,74,28.1,2.2,0
20150804,72,28,2.5,0
20150805,74,28,2,0
20150806,74,28.4,1.4,0
20150807,74,28.5,1.4,2.2
20150808,82,27.1,1.6,6.8
20150809,77,26.8,1.5,0
20150810,76,26.4,1.4,0
20150811,80,25.1,1.4,6.7
20150812,83,23.8,1.8,5.1
20150813,81,24.8,1.5,6.9
20150814,80,25.1,1.4,1.1
20150815,78,25.9,1.4,0
20150816,84,24.8,1.4,6.9
20150817,77,25.1,1.6,1
20150818,76,25.2,1.6,0
20150819,79,25,1.4,0
20150820,87,24.1,1.2,5
20150821,86,23.6,1.4,26.6
20150822,83,24.3,1.2,0.3
20150823,80,24.9,1.2,0.1
20150824,79,24.7,2.3,3.1
20150825,89,21.5,3.4,26.8
20150826,76,22.2,1.9,0.4
20150827,77,23.2,1.9,1.4
20150828,80,23,1.4,2.5
20150829,79,22.9,1.2,0
20150830,79,23.2,1.2,0.4
20150831,78,23.9,1.6,1.8
20150901,79,23.6,1.9,5
20150902,86,22.8,1.6,9.6
20150903,81,22.9,1.6,1.8
20150904,78,23.3,1.5,0
20150905,87,21.7,1.6,9.4
20150906,80,20.9,2.4,6.6
20150907,70,20.7,2.1,0.1
20150908,65,20,2.3,0
20150909,62,20.3,2.4,0
20150910,69,20.6,1.5,0
20150911,79,21,1.5,1.5
20150912,83,18.8,1.5,3.8
20150913,68,18.6,1.7,0
20150914,69,19.1,1.5,0
20150915,64,19.3,2,0
20150916,69,18.9,1.8,1.6
20150917,73,19.3,2.1,4.4
20150918,72,20.1,1.7,0
20150919,76,20.1,1.3,0
20150920,78,20.1,1.2,0
20150921,75,20.6,1.3,0
20150922,72,20.6,1.6,0
20150923,83,19,1.4,8.4
20150924,80,20.7,1.7,1.2
20150925,78,20.6,1.4,0
20150926,78,20.1,1.3,0
20150927,71,19.7,1.3,0
20150928,62,20.5,1.5,0
20150929,60,20.7,2.1,0
20150930,66,19.3,2.1,1.7
20151001,84,18.1,3,37.4
20151002,55,15.9,2.7,0
20151003,66,18.2,2.2,0
20151004,60,16.5,1.4,0
20151005,66,16.7,1.3,0
20151006,69,16.8,1.2,0
20151007,74,17.2,1.2,0
20151008,74,17.5,1.4,0.1
20151009,56,16,2.3,0.4
20151010,73,13.7,1.9,4.8
20151011,71,12.7,2.4,2.2
20151012,66,13.4,2.4,0.5
20151013,65,14.4,1.9,0
20151014,73,15.5,1.3,0
20151015,76,15.7,1.2,0
20151016,79,15.8,1.2,0
20151017,76,16.1,1.2,0
20151018,72,16.2,1.2,0
20151019,76,16.4,1.2,0.1
20151020,77,16.8,1.2,0
20151021,81,16.9,1.2,0.2
20151022,80,16.3,1.5,0.3
20151023,79,16.3,1.2,0
20151024,77,16.2,1.7,1.2
20151025,65,14.7,1.8,0
20151026,68,14.4,1.8,0.4
20151027,71,13.4,2.7,16.3
20151028,56,11.4,2.1,0
20151029,57,10.5,1.7,0.4
20151030,51,8,2.3,0
20151031,54,6.3,1.8,0
20151101,65,6.7,1,0.1
20151102,65,10.1,1.7,0.2
20151103,70,10.8,1.2,0
20151104,71,10.9,1.2,0
20151105,70,12.9,1.2,0
20151106,75,13.5,2.4,2.6
20151107,93,13.2,2.5,28
20151108,94,13.7,2.1,13.8
20151109,86,12.7,1.9,3.2
20151110,79,11.1,1.6,0.2
20151111,81,11.5,1.3,2
20151112,75,13.7,2,0.6
20151113,89,12.1,2.4,24.4
20151114,93,13.8,1.2,5
20151115,82,13.5,1.2,0
20151116,90,12.6,1.3,10.7
20151117,89,14.3,1.6,0.5
20151118,85,11.6,2.9,7.9
20151119,86,10.2,1.5,0.9
20151120,82,11,1.2,0.1
20151121,82,9.6,1.1,0.1
20151122,82,11.3,1.5,4.6
20151123,88,10.9,1.8,6.6
20151124,74,8.5,2.4,2.8
20151125,86,5.6,2,9
20151126,69,0.9,3.5,3.3
20151127,67,1.1,2.7,0.6
20151128,73,3.2,1.4,0
20151129,79,5.2,1.2,0.8
20151130,74,6.4,1.6,0.2
20151201,75,4.7,1.1,0
20151202,80,7.3,2,5.7
20151203,63,3,4.2,3
20151204,65,2.8,3.3,0.5
20151205,60,5.5,2.4,0
20151206,65,3.2,1.1,0
20151207,70,3.5,1.2,0
20151208,70,4.6,1.2,0
20151209,74,6.2,1.1,0
20151210,89,8.7,1.4,14.1
20151211,75,7.6,2.6,3.7
20151212,69,5.5,1.5,0
20151213,71,6.5,1.1,0
20151214,88,6.9,1.1,3.9
20151215,71,7.2,2.5,0.5
20151216,63,1.7,3.1,2.4
20151217,55,-2,2.8,0.3
20151218,66,-0.5,1.7,0
20151219,72,1.4,1.1,0
20151220,75,2.1,0.8,0.8
20151221,82,4.3,1.4,1.5
20151222,79,4.1,1.3,0.1
20151223,88,6.3,1.1,1.9
20151224,72,4.2,1.9,0
20151225,48,1.4,2.3,0
20151226,63,3.8,2,0.2
20151227,50,-0.8,2.3,0
20151228,48,-2.4,2.4,0
20151229,54,-1.4,1.6,0
20151230,66,0.9,1.3,1.1
20151231,75,2,1.7,0.3
20160101,71,1.7,1.6,0
20160102,75,5.1,1.6,0
20160103,80,5.9,1.1,0
20160104,58,5.3,2.3,0
20160105,44,0.6,2,0.5
20160106,54,0.7,2.1,0
20160107,53,0.4,2.5,0
20160108,55,-0.5,2.3,0
20160109,57,0.7,1.9,0
20160110,55,1.7,1.8,0
20160111,46,-0.7,2.1,0
20160112,48,-2.1,2.2,0
20160113,63,-1.2,2.5,0.8
20160114,57,-1.1,2,0.1
20160115,67,-0.2,1.1,0.1
20160116,67,0.8,1.2,0
20160117,79,2.1,1.2,3.3
20160118,66,-2,4.2,0.9
20160119,53,-7.5,4.8,0.8
20160120,56,-6.9,2.2,0
20160121,52,-4.7,2,0
20160122,44,-4.2,2.4,0
20160123,45,-7,3.4,1.2
20160124,55,-10.8,3.1,1.5
20160125,59,-6.6,2.2,0.3
20160126,65,-1.7,2.2,0.1
20160127,61,0.2,1.7,0
20160128,70,0.3,1.2,6.7
20160129,81,2.3,1.9,8.2
20160130,82,2.2,1.5,0.6
20160131,57,-0.5,2.4,0
20160201,48,-2.9,2.6,0
20160202,50,-3.4,2,0
20160203,54,-1.8,1.8,0
20160204,53,0.4,2.2,0
20160205,46,-0.2,2.2,0
20160206,52,-1.4,2.4,0.5
20160207,52,-1.8,1.5,0
20160208,56,1.7,2.4,0.2
20160209,45,2.6,3,0
20160210,53,2.2,1.3,0
20160211,55,6.8,1.9,0.2
20160212,92,9.7,1.8,20.7
20160213,94,11.7,1.7,11.4
20160214,70,1.1,4.5,0.8
20160215,52,-3.1,3.7,0.2
20160216,64,-0.1,3.1,0.5
20160217,54,1.2,2.2,0
20160218,62,3.6,2.2,0.1
20160219,59,4.5,1.5,0
20160220,51,3.5,2.5,0
20160221,41,1,2.3,0
20160222,46,2.7,1.2,0
20160223,49,3.3,2.7,0.2
20160224,52,-1,2.5,0.6
20160225,50,0.3,2.3,0
20160226,67,2.8,1.7,0.8
20160227,67,5.2,1.8,1.4
20160228,76,4,2.1,5.8
20160229,56,-1.8,3.6,0.3
20160301,52,-1.4,2.4,0
20160302,61,3.2,2.1,0
20160303,67,7.2,1.6,0
20160304,84,9.4,1.4,9.7
20160305,91,11.8,2.5,27.9
20160306,74,10.3,1.8,2.5
20160307,68,8.9,1.5,0
20160308,52,5.9,2.3,2.8
20160309,52,3.1,3,2
20160310,42,1.3,3.1,0.1
20160311,45,0.7,2.4,0
20160312,48,2.5,1.7,0
20160313,60,4.3,1.3,0.2
20160314,64,4.2,2.1,0
20160315,53,5.6,1.6,0
20160316,45,8.8,1.7,0
20160317,48,10.2,1.5,0.1
20160318,80,11.2,1.3,9.3
20160319,70,10.4,2,0
20160320,69,8.2,1.7,0
20160321,65,8.6,1.7,0
20160322,57,9.3,2.1,0
20160323,57,8.1,2.5,0.5
20160324,54,6.4,2.3,0.2
20160325,64,5.8,1.6,0.2
20160326,63,5.7,1.8,0.5
20160327,53,7,2.1,0
20160328,45,9.3,1.9,0
20160329,55,11.9,2.8,0.1
20160330,56,12.7,1.8,0
20160331,48,12.4,1.3,0
20160401,50,13.2,1.6,0
20160402,59,13.9,1.8,0
20160403,81,11.7,1.5,9.5
20160404,76,11.2,1.7,1.8
20160405,52,12,1.9,0
20160406,56,12.8,1.8,12.2
20160407,83,12.7,2,21.9
20160408,64,13.9,2.1,0
20160409,61,14.9,1.8,0
20160410,67,13.6,2.2,0.4
20160411,64,10.9,2.4,0.2
20160412,59,12.5,2.1,0.6
20160413,88,14.2,1.4,13.1
20160414,70,14.7,2.1,0
20160415,61,13.7,2.1,0
20160416,74,14.6,2.7,29.2
20160417,59,13.1,5.1,9.5
20160418,55,13,3,1.2
20160419,59,12.5,2,0
20160420,62,13.9,1.8,0.7
20160421,91,13.8,2,28.8
20160422,70,17.1,2.3,0
20160423,54,15.2,1.6,0
20160424,47,14.3,1.7,0
20160425,50,15.9,1.5,0
20160426,57,17,2.1,1.4
20160427,78,12.4,2.9,25
20160428,70,13.6,2,2.4
20160429,62,14.4,1.9,0.1
20160430,56,16.5,2.5,0
20160501,54,18.1,2.1,0
20160502,70,18.9,2.4,7.8
20160503,79,15.3,4.7,26.8
20160504,43,17,4.9,0.2
20160505,49,18.2,2.1,0.8
20160506,80,17.9,2.3,1.7
20160507,54,17.1,2.4,0
20160508,55,17.4,1.7,0
20160509,59,18.1,1.2,0.2
20160510,90,13.9,1.9,20.1
20160511,75,15.7,1.7,0.9
20160512,67,18,2.2,0
20160513,68,16.6,2.1,0.1
20160514,63,17.3,2.1,0
20160515,77,18.1,2.7,12.6
20160516,60,15.4,3,5.9
20160517,55,17.8,1.5,0
20160518,54,20.3,1.4,0
20160519,54,20.3,1.5,0
20160520,56,19.9,1.6,0
20160521,50,20.1,1.7,0
20160522,51,20.2,1.7,0
20160523,57,20.6,1.6,0
20160524,85,18,2,20.3
20160525,71,19.4,1.7,0
20160526,71,20.4,1.5,0.1
20160527,63,21.5,1.5,0.1
20160528,63,20.9,1.4,0.4
20160529,67,20.2,1.6,0.6
20160530,64,21.3,1.9,0
20160531,62,21.7,1.9,0
20160601,58,20.9,2.1,0
20160602,59,20.2,1.7,0
20160603,57,21.6,1.6,0
20160604,73,19.4,1.4,3.9
20160605,66,21,2,0
20160606,78,19.5,1.6,0.7
20160607,78,21.2,1.3,0.3
20160608,80,21,1.3,1.7
20160609,74,22.2,1.5,0
20160610,73,22.8,1.7,0
20160611,77,23.6,1.7,2.1
20160612,86,23.1,1.3,2.6
20160613,79,22.5,1.8,0.1
20160614,78,22.1,1.7,0.5
20160615,83,21.5,2,4.8
20160616,76,22.1,2.3,1.7
20160617,66,23.2,2.1,0
20160618,69,23.7,1.8,0.8
20160619,74,23.8,1.8,1.4
20160620,79,23.2,1.4,5.7
20160621,79,23.6,1.6,0.3
20160622,84,22.8,1.7,7
20160623,77,24.2,1.6,0.1
20160624,88,21.9,2,30.3
20160625,65,22.7,2.7,0
20160626,67,23.2,2,0
20160627,76,22.1,1.2,1
20160628,75,22.4,1.5,0.5
20160629,78,22.8,1.6,0.9
20160630,80,24.4,1.9,1
20160701,88,24.2,2.4,55.2
20160702,87,23.6,2.1,24.6
20160703,88,22.4,1.2,22.3
20160704,94,22.2,1.8,53.2
20160705,88,24.8,2.7,39.5
20160706,91,23.6,1.6,27.8
20160707,86,24.2,1.3,1.2
20160708,79,25.4,1.4,1
20160709,77,26.1,1.4,0
20160710,78,26,1.2,0
20160711,83,25.6,1.2,2.9
20160712,87,24.6,1.3,8.2
20160713,81,25.6,1.5,0.1
20160714,77,25,1.8,2.3
20160715,72,24.5,2.1,0.8
20160716,92,21.7,2.3,27.9
20160717,83,23.3,1.7,0.9
20160718,80,23.7,1.3,0
20160719,79,25,1.6,0.1
20160720,76,25.3,1.9,0
20160721,75,25.1,1.9,0
20160722,75,25.8,2,0
20160723,77,26.4,1.7,1.7
20160724,82,27.3,1.5,4.8
20160725,84,27.3,1.4,5.8
20160726,78,28,1.7,0
20160727,78,28,2.1,0.9
20160728,77,28.3,2.1,0.8
20160729,81,27.8,1.6,9.7
20160730,81,28.4,1.5,6.7
20160731,80,28,1.4,4.1
20160801,80,27.4,1.3,2.4
20160802,84,26.4,1.1,3
20160803,81,26.7,1.3,1.6
20160804,78,27.7,1.5,0.2
20160805,76,28,1.4,0.2
20160806,76,28.3,1.4,0.6
20160807,76,28.5,1.4,1.5
20160808,76,28.2,1.6,4.9
20160809,77,27.7,1.7,0.6
20160810,76,28.4,1.4,0
20160811,73,29.3,1.4,0
20160812,73,29.5,1.5,0
20160813,72,29.5,1.6,0
20160814,75,29.1,1.7,1
20160815,76,28.5,1.5,2.6
20160816,73,27.9,1.5,4
20160817,74,27.7,1.4,0.7
20160818,74,28,1.5,0.4
20160819,73,28.2,1.5,0.4
20160820,70,28.3,1.6,0.1
20160821,69,27.9,1.6,0.2
20160822,72,28,1.6,1.2
20160823,74,27.3,1.8,1.8
20160824,68,27.3,1.6,0
20160825,70,27.2,1.6,2.1
20160826,80,21.9,2.3,11.3
20160827,65,22,2.4,0.6
20160828,83,19.6,2.3,22.8
20160829,69,20.5,2.4,3
20160830,70,20.7,3.1,1
20160831,67,21.8,4.1,7.8
20160901,70,24.6,2.8,2
20160902,87,21.4,1.9,28.9
20160903,86,22.9,1.4,20.5
20160904,84,24.6,1.4,2.1
20160905,85,24.6,1.2,1.3
20160906,83,23.6,1.1,0
20160907,80,23.1,1.2,1.3
20160908,79,22.7,1.4,3.2
20160909,79,22.8,1.4,1.4
20160910,82,22.4,1.2,5.1
20160911,81,22.8,1.2,1.2
20160912,85,21.7,1.3,7.8
20160913,79,22.4,1.4,0
20160914,80,22.6,1.2,0
20160915,81,22.6,1.1,0
20160916,86,22.1,1,5
20160917,91,20.5,2.1,85.6
20160918,85,20.3,2.2,6.5
20160919,72,20.2,2.7,0.2
20160920,62,18.8,2.6,0
20160921,69,18.4,1.6,0
20160922,74,19.4,1.4,0
20160923,77,19.7,1.2,0
20160924,77,20.4,1.2,0
20160925,79,20.7,1,0
20160926,83,21.7,1.1,2.2
20160927,89,22.7,1.1,5.4
20160928,88,21.3,1.4,7.6
20160929,81,19.1,2,1.3
20160930,89,17.8,1.1,13
20161001,89,19.1,1,2.4
20161002,87,20.8,1.6,6.1
20161003,88,22.6,1.6,9.6
20161004,77,21.4,2.2,0.6
20161005,86,19.5,2.9,51.1
20161006,76,18.6,1.7,0
20161007,81,18.4,1.9,9.3
20161008,78,17.4,2,23.6
20161009,58,12.8,2.5,0
20161010,70,13.3,1.3,0
20161011,76,14.5,1.1,0
20161012,70,15.1,1.4,0
20161013,72,14.5,1,0
20161014,74,15.2,1.1,0
20161015,75,16.7,1.3,0
20161016,89,16,1.1,18.5
20161017,84,17.7,1.3,0.3
20161018,83,16.3,1.3,0
20161019,82,16.8,1.1,0
20161020,77,16.8,1.7,0.1
20161021,74,16.6,2.2,0.4
20161022,76,16.8,1.4,0.4
20161023,76,14.4,2.7,2.3
20161024,71,14.2,1.8,0
20161025,87,14.6,1.8,13.7
20161026,82,13.8,1.3,0
20161027,76,14.5,1.7,0
20161028,83,14.1,1.9,5.6
20161029,66,10.6,2.2,0.7
20161030,55,8.1,1.6,0
20161031,67,8.3,1.6,0.3
20161101,51,4.6,2.6,0
20161102,56,5.3,1.8,0.1
20161103,71,8.1,1.4,0.1
20161104,72,10.2,1.6,0
20161105,77,13.2,1.8,0.2
20161106,76,12.6,2.3,1.6
20161107,75,13.1,1.6,1.5
20161108,63,8.2,2.9,1.7
20161109,56,4.3,1.9,0
20161110,75,7.3,1.3,3.1
20161111,70,9.3,1.8,0.9
20161112,70,10,1.4,0
20161113,80,12.6,1.1,3
20161114,84,14.3,1.4,2.3
20161115,54,9.5,2.5,0
20161116,56,6.6,1.2,0
20161117,62,8.7,1.2,0
20161118,80,10,1.2,12.8
20161119,88,13.4,1.2,1.2
20161120,69,12.2,1.8,0
20161121,77,10.3,1.2,0.1
20161122,61,6.3,3,0.9
20161123,45,3.1,2.7,0.1
20161124,45,0.7,2.7,0
20161125,54,1.9,1.6,0
20161126,79,1.2,1.2,2.4
20161127,82,4.1,1.3,0.1
20161128,62,3.8,2.1,0
20161129,55,3.1,1.6,0.2
20161130,76,6.2,1.2,2.5
20161201,55,6.5,3,0.1
20161202,52,3,1.9,0
20161203,63,4,1.1,0
20161204,69,5.3,1.1,0
20161205,68,7.9,2.2,0.1
20161206,45,1.8,2.5,0
20161207,67,1.6,1.4,0.1
20161208,72,3.6,1.3,1.3
20161209,61,4.6,2.6,1.3
20161210,50,0.8,1.8,0
20161211,52,0.1,1.3,0
20161212,59,3.9,1,0.2
20161213,70,5.4,1.7,0.3
20161214,71,1.6,2.4,2.5
20161215,54,-0.8,3.1,0.1
20161216,48,-1.8,2.6,0
20161217,65,3.4,1.6,0
20161218,73,4.4,1.3,0.1
20161219,86,7.2,1,4.9
20161220,85,7.3,1.2,0
20161221,88,8.7,1.8,24.2
20161222,82,8.4,3.7,14.4
20161223,68,1.7,3.7,0.6
20161224,68,0.5,1.6,0
20161225,77,2.9,1,0.1
20161226,87,4.6,1.4,10.3
20161227,64,1.2,3.4,2.1
20161228,58,-1.4,1.6,0
20161229,53,-1.3,2.7,0.2
20161230,56,-1.4,1.7,0
20161231,71,1.7,1.4,0
20170101,76,3.2,1.2,0
20170102,76,5.5,1.6,0
20170103,64,3.6,1.7,0
20170104,68,3.8,1.3,0
20170105,72,4.3,1.8,2
20170106,71,5.2,1.5,0.1
20170107,75,4,1.1,0.1
20170108,73,7.2,1.7,1.6
20170109,60,4.4,3.1,0.1
20170110,52,0.4,3,0
20170111,46,-1.7,2.6,0
20170112,57,0.7,2.7,0.2
20170113,53,-2.2,2.9,0.3
20170114,42,-5,3.8,0
20170115,43,-4.8,2.3,0
20170116,51,-3,1.6,0
20170117,55,-1.7,1,0
20170118,60,0.5,1.5,0
20170119,65,0.1,1.3,0
20170120,69,-1.7,3.4,3.3
20170121,69,-2.6,1.9,0.6
20170122,56,-3.7,3.6,0.6
20170123,56,-5.9,2.6,0.1
20170124,55,-4.7,2,0
20170125,55,-3.7,1.7,0
20170126,55,-0.9,1.7,0.1
20170127,48,1.5,3.1,1.2
20170128,48,0.5,1.2,0
20170129,76,3.3,1.1,3.9
20170130,63,-1,3.5,1.1
20170131,55,-2.9,1.7,0
20170201,46,-1.2,2.8,0
20170202,45,-0.9,2.5,0
20170203,58,1.8,1.7,0
20170204,57,4.1,1.1,0.8
20170205,73,4.2,2.3,1.1
20170206,51,0.8,3.3,0
20170207,55,0.1,1.4,0
20170208,56,0.8,1.8,0
20170209,50,-2.1,4,0.1
20170210,50,-4.1,3.8,0.6
20170211,53,-2.8,3.1,0.1
20170212,54,-0.7,2.1,0
20170213,61,1,1.6,0.3
20170214,58,1.5,1.8,0
20170215,52,2.4,1.4,0
20170216,61,7.1,2.1,1.4
20170217,58,5.6,3.4,1.7
20170218,42,0,3,0
20170219,60,3.4,2.2,2
20170220,59,2.9,3.8,5.4
20170221,53,0.8,1.6,0
20170222,83,3.6,1.8,16.1
20170223,57,1.4,3.8,0
20170224,49,0.6,2.6,0
20170225,55,3.1,2,0
20170226,58,3.4,1.5,0
20170227,61,3.6,1.4,0.1
20170228,54,4.8,1.4,0
20170301,59,6.2,1.5,2.1
20170302,68,3.2,3.2,2
20170303,54,3.9,1.7,0
20170304,57,5.6,1.3,0
20170305,61,6.2,1.5,0.2
20170306,42,2.9,3.7,0.3
20170307,47,0.1,3.2,0.5
20170308,52,1.4,3.1,0
20170309,47,5,3.3,0
20170310,44,5.4,2.1,0
20170311,43,6.5,1.4,0
20170312,47,8.5,1.6,0
20170313,52,7.9,2.2,0
20170314,55,5.5,2.5,0.6
20170315,52,4.8,1.7,0
20170316,55,5.6,1.6,0
20170317,47,6.9,1.5,0
20170318,44,8.4,1.5,0
20170319,47,9.1,1.5,0
20170320,64,8.3,1.4,2.8
20170321,62,7.1,2.7,1.5
20170322,52,6.9,1.6,0
20170323,48,8.7,1.8,0.1
20170324,57,7.8,1.6,0
20170325,77,6.4,1.5,6
20170326,75,6.2,1.6,1.2
20170327,73,6,2.3,1.3
20170328,63,7.3,1.6,0.7
20170329,69,8.5,1.7,1.1
20170330,58,10.5,1.8,0
20170331,77,8.7,1.7,3.8
20170401,78,7.5,1.6,3.4
20170402,60,8.2,2,0
20170403,45,11.5,2.2,0
20170404,44,13.4,1.7,0
20170405,73,13.3,2.2,17.7
20170406,88,13.6,2.2,9.8
20170407,73,14.2,1.7,0
20170408,69,14.9,1.7,0
20170409,63,13.4,2.5,0.6
20170410,46,13.4,2.8,0.1
20170411,66,12.2,2.5,10.8
20170412,31,12.3,3.1,0
20170413,46,13.1,2.4,0
20170414,54,14.7,3.3,0.9
20170415,60,17.6,2.2,0.1
20170416,58,17.8,1.5,0
20170417,83,13.6,1.8,15.3
20170418,74,13.3,2.7,3.1
20170419,46,13.3,2.9,0
20170420,59,12.4,1.4,0.9
20170421,64,13,1.8,0
20170422,64,13,1.7,0.1
20170423,56,14,1.8,0
20170424,51,15,2.1,0
20170425,63,16.9,2,0.8
20170426,55,14.9,2.2,1.2
20170427,44,13,2.6,0
20170428,48,15.1,2.8,0
20170429,46,17.1,2.3,0
20170430,51,19.8,2.8,0
20170501,55,17.8,2.1,0
20170502,52,16.9,1.7,0
20170503,53,18.3,1.5,0
20170504,60,19.1,1.6,0.3
20170505,70,19.8,1.9,3.7
20170506,39,16.7,3,0
20170507,45,17.3,2.9,0
20170508,47,18.2,2,0
20170509,81,14.9,1.8,11.2
20170510,83,15.5,1.8,1.1
20170511,72,18.9,1.8,0.3
20170512,81,18,1.6,1.7
20170513,74,17.5,2.3,2.9
20170514,49,16.7,3.2,0
20170515,56,16,2.6,0
20170516,66,16.5,1.7,0
20170517,66,17.4,1.6,0.7
20170518,58,19.7,1.7,0
20170519,46,21.5,2.2,0
20170520,47,21,1.9,0
20170521,55,20.7,1.6,0
20170522,62,20.2,1.7,0
20170523,70,19.6,1.4,1.4
20170524,77,19.8,1.5,3.6
20170525,58,19.6,2.7,0
20170526,54,16.1,2.6,0
20170527,59,17.5,1.7,0
20170528,55,20.6,2.3,0
20170529,56,23.4,2.2,0
20170530,52,23.1,1.6,0
20170531,66,21.6,1.6,2.5
20170601,71,21,2.2,2.6
20170602,55,19,2.1,0.1
20170603,53,19.3,2.3,0.2
20170604,51,19.5,1.9,0.2
20170605,52,20.3,1.9,0
20170606,72,17.8,2.2,10.7
20170607,87,18.4,2.4,5.5
20170608,65,20.5,2.5,0
20170609,60,22,2.6,0.4
20170610,62,21.2,2.1,0.4
20170611,56,20.4,1.9,0.9
20170612,59,19.5,2.2,0
20170613,69,19.2,1.7,2.1
20170614,66,20.7,2,0
20170615,59,22.6,2.3,0
20170616,65,22.2,1.9,0
20170617,63,22.4,1.7,0
20170618,61,23.4,1.6,0
20170619,59,24.2,1.5,0
20170620,64,23.2,1.6,2.1
20170621,67,23.4,1.9,0.3
20170622,67,23.9,1.7,0
20170623,64,24.7,1.5,0
20170624,72,23.2,1.4,2.5
20170625,79,22.7,1.4,10.4
20170626,83,22.2,1.7,12.4
20170627,78,23.1,1.6,3
20170628,75,24.2,1.5,1.5
20170629,78,23.9,1.4,5.2
20170630,74,25.3,1.6,0.3
20170701,80,25.3,1.8,4
20170702,87,25.6,2.1,23.3
20170703,86,25.6,2.6,29.4
20170704,86,25.4,1.6,20.7
20170705,79,26,1.3,1.7
20170706,84,25.4,1.4,15
20170707,86,26,1.8,4.4
20170708,89,25.6,1.7,24.4
20170709,83,27,1.6,9.6
20170710,88,26.1,2.5,26.7
20170711,79,26.5,2.2,4.8
20170712,76,27.2,1.6,0
20170713,75,27.1,1.6,0
20170714,80,26.8,1.7,9.8
20170715,87,25.5,1.8,20.7
20170716,83,26.7,1.9,25.1
20170717,83,26.4,1.8,6.2
20170718,84,26,1.5,3.4
20170719,79,27.4,1.3,0
20170720,77,28.4,1.4,0
20170721,77,29.4,1.7,0.7
20170722,83,27.8,1.5,4.6
20170723,88,26.8,1.3,13.2
20170724,88,27.1,1.1,10
20170725,84,26.8,1.7,10.7
20170726,71,26,2,0
20170727,72,25.5,1.4,0.3
20170728,83,26,1.2,11.3
20170729,86,25.4,1.6,7.4
20170730,82,26.1,1.3,0.8
20170731,92,24.8,1.2,19.9
20170801,84,26.6,1.4,2.2
20170802,81,27.2,1.4,0.4
20170803,74,27.2,2,0
20170804,75,28.5,1.6,0
20170805,75,29.6,1.5,0.6
20170806,75,29.4,1.5,1.7
20170807,75,28.5,1.8,1.6
20170808,76,27.4,1.4,0.4
20170809,88,25.6,1.5,11.6
20170810,88,25.6,1.4,15.7
20170811,81,25.8,1.5,8.8
20170812,77,25.6,1.6,0.8
20170813,79,24.1,2,3.1
20170814,90,22.9,2.1,42.9
20170815,94,23.2,1.8,29.1
20170816,87,24.6,1.8,6.4
20170817,86,24.5,1.4,5.3
20170818,84,25,1.1,6
20170819,86,24.9,1.3,8.1
20170820,89,24.7,2,24.6
20170821,90,25.4,1.8,26
20170822,85,26.7,1.4,8.2
20170823,84,27.8,1.9,10.6
20170824,81,28,3,14.4
20170825,73,25.9,1.5,3
20170826,61,23.2,1.7,0
20170827,70,22.4,1.2,0
20170828,79,23.7,1.5,8.4
20170829,66,22.3,2.4,1.1
20170830,65,19.7,1.7,0
20170831,69,21.1,1.8,0
20170901,67,21.3,1.8,0
20170902,72,20.7,1.5,0
20170903,70,21.3,1.4,0
20170904,71,21.9,1.5,0
20170905,84,20.7,1.2,1.6
20170906,88,20.9,1,15.4
20170907,81,21.4,1.4,1.2
20170908,77,22.4,1.3,0
20170909,79,22.2,1.1,0
20170910,81,22.4,1.2,0.2
20170911,90,20.6,1.9,46.6
20170912,75,21.8,1.7,0
20170913,66,20.1,1.7,0
20170914,70,20.3,1.6,0
20170915,62,20.6,2.9,0
20170916,68,20.5,2.7,0.1
20170917,75,21.1,2.5,1.8
20170918,74,20.7,1.5,0
20170919,78,21.9,2.1,3.5
20170920,63,19.7,2.1,0.4
20170921,73,18.2,1.3,0
20170922,76,19.3,1.3,0
20170923,79,19.9,1.2,0
20170924,80,21.1,1.3,0
20170925,76,21.8,1.4,0
20170926,74,22.3,1.6,0
20170927,88,19.4,1.8,21
20170928,65,19.7,2.2,0.2
20170929,56,15.8,1.7,0
20170930,67,17.3,1.4,0
20171001,83,16.6,1.6,21.2
20171002,86,19.9,1.8,15
20171003,74,18.1,1.9,0.6
20171004,70,17.1,1.9,0.1
20171005,74,16.8,1.8,1.1
20171006,90,16.5,1.3,8.4
20171007,85,19.4,1.2,0.1
20171008,83,20.4,1.1,0
20171009,82,20.9,1.1,0
20171010,84,20.9,1.2,1.5
20171011,85,17.7,1.9,6.3
20171012,86,13.1,1.5,9.3
20171013,68,13,1.9,0
20171014,60,14.1,1.8,0
20171015,69,14.7,1.8,0.8
20171016,71,15.5,1.6,0
20171017,73,15.1,1.5,0
20171018,70,15.6,2.1,0.3
20171019,74,15.3,1.5,0.5
20171020,76,15.2,1.4,0
20171021,72,15.1,1.8,0
20171022,62,15.5,3.4,0.1
20171023,61,12.9,1.9,0
20171024,74,11.7,1.2,0.1
20171025,75,11.7,1.2,0
20171026,75,12.7,1,0
20171027,73,14.4,1.1,0
20171028,76,15.3,1.5,0
20171029,63,12.8,3,1.9
20171030,47,7.9,2.3,0
20171031,60,8.8,1.3,0
20171101,70,12.2,1.5,0
20171102,78,13.4,1.1,0.1
20171103,72,12.1,2.2,1.3
20171104,60,8.1,2.2,1.3
20171105,66,7.6,1.4,0
20171106,69,9.6,1.3,0
20171107,73,13.5,1.2,0.1
20171108,61,14.1,2.4,0
20171109,61,9.2,1.2,0
20171110,66,11.5,2.7,2
20171111,51,6.7,2.5,0
20171112,63,5.6,1.2,0
20171113,66,8.2,1.4,0.4
20171114,51,9.2,2.2,0
20171115,49,5.5,2.6,0
20171116,51,3.1,1.6,0
20171117,56,5.1,1.2,0.2
20171118,44,2,3.6,0
20171119,41,0.8,2.4,0
20171120,55,3.1,2,0
20171121,63,2.9,1.2,0
20171122,63,5.3,1.8,0.5
20171123,57,2.3,2.4,0.6
20171124,68,1.9,2.2,1.3
20171125,70,4,1.9,3.3
20171126,73,6.3,1.7,1.3
20171127,73,3.9,1.1,0
20171128,76,7.3,1.2,0
20171129,52,7.5,2.3,0
20171130,32,2.1,3.1,0
20171201,41,-0.6,2.1,0
20171202,58,1.3,1.2,0
20171203,72,4.4,1.2,0.5
20171204,57,2.2,2.9,0.2
20171205,47,-2.3,2.6,0.2
20171206,69,0.6,1.3,0.9
20171207,66,2.6,1.7,0.9
20171208,49,-1.3,2.8,0.2
20171209,62,0.7,1.3,0
20171210,70,3.5,2.3,2.2
20171211,49,-3,4.1,0.2
20171212,47,-6,2.7,0
20171213,45,-5.2,2.3,0
20171214,50,-4,1.1,0
20171215,48,-0.8,1.4,0
20171216,49,-1.7,3.1,0.2
20171217,50,-4.4,2.3,0.1
20171218,66,-0.2,1.7,0.3
20171219,52,-1.3,2.6,0.1
20171220,61,-1.5,1.5,0.7
20171221,65,-0.1,1.6,0
20171222,68,1.7,1.4,0
20171223,75,3.9,1.1,0
20171224,80,4.3,2.3,14.2
20171225,49,0.2,3.1,0
20171226,51,-0.6,3.1,0.1
20171227,38,-3.9,2.7,0
20171228,52,-1.5,1.5,0
20171229,70,2.9,1.7,0
20171230,77,2.9,1,0.6
20171231,56,2.1,2.8,0.4
20180101,51,-0.4,1.9,0
20180102,57,0.2,1.8,0
20180103,46,-1.6,2.4,0
20180104,51,-1.7,1.6,0
20180105,54,-0.1,2,0
20180106,54,-0.7,2,0
20180107,60,-0.3,1,0.5
20180108,76,2.3,2,2.4
20180109,65,-1.3,3.7,1.4
20180110,63,-4.5,3,2.2
20180111,59,-8.2,2.7,0.8
20180112,54,-8.5,2.2,0
20180113,69,-3.1,1.3,0.1
20180114,71,-0.3,1.3,0
20180115,70,4.4,1.5,0
20180116,80,3.8,1.1,7
20180117,87,4.3,1.4,5
20180118,70,3.7,1.8,0
20180119,55,1.3,1.5,0
20180120,64,1.2,1.4,0
20180121,60,1.2,1.1,0
20180122,63,2.9,1.9,1.2
20180123,46,-6.4,4,0
20180124,38,-10.4,3.5,0
20180125,41,-9.9,3.2,0
20180126,44,-10.4,3.2,0
20180127,44,-7,1.6,0
20180128,39,-2.7,2.7,0
20180129,45,-5.9,2.9,0.1
20180130,55,-4.6,1.9,0.1
20180131,54,-1,1.5,0
20180201,46,-2.1,1.6,0
20180202,48,-2.4,1.7,0
20180203,50,-4.5,3.5,0.3
20180204,46,-7.1,3.4,0.2
20180205,46,-7.4,3,0.1
20180206,47,-8,2.8,0.1
20180207,47,-6.7,1.9,0
20180208,46,-3.6,1.3,0
20180209,53,1.4,1.3,0
20180210,49,1.5,2.9,0
20180211,52,-3.6,3.2,0.7
20180212,57,-4.1,3.1,0.4
20180213,54,-0.7,2.5,0.1
20180214,60,4.7,2.8,0
20180215,43,1.9,2,0
20180216,43,1,2,0
20180217,31,-0.2,2.9,0
20180218,34,0.8,1.4,0
20180219,46,2.8,1.3,0
20180220,46,2.7,1.8,0
20180221,33,0.5,2.2,0
20180222,47,0.6,1.8,0.1
20180223,65,4.4,2.1,1
20180224,60,4.6,1.8,0.1
20180225,57,3.8,1.6,0
20180226,51,3.1,1.3,0
20180227,57,5.1,1.2,0
20180228,80,5.6,2.9,29.2
20180301,58,2.8,4.6,0.9
20180302,47,1.3,1.8,0
20180303,54,7.6,1.5,0
20180304,79,11.8,2,16
20180305,81,5.7,3.2,12.1
20180306,65,4.7,1.8,0
20180307,71,5.1,2.3,5.1
20180308,87,3.3,2.4,16.7
20180309,75,3.5,1.6,0.1
20180310,68,4.8,1.7,0
20180311,62,6.4,1.7,0
20180312,63,7.9,1.5,0
20180313,62,12.3,2.3,0
20180314,66,15.2,2,0
20180315,91,12.8,1.9,23.9
20180316,69,5.2,3.1,0.7
20180317,64,5.4,1.6,0
20180318,75,8,1.2,6
20180319,85,8.5,2.9,19.9
20180320,54,5.3,4.6,0.6
20180321,83,1.8,3,8.6
20180322,65,5,2.2,0
20180323,63,6.2,1.7,0
20180324,59,9.1,2,0
20180325,61,10.8,1.9,0
20180326,59,12,1.8,0
20180327,59,13.7,1.9,0
20180328,60,15,2.2,0
20180329,67,14.5,1.7,0
20180330,60,12.7,2,0
20180331,57,14,1.7,0
20180401,66,15.8,1.7,0
20180402,69,17.8,2,0
20180403,71,18,2,0.1
20180404,85,11.5,2.4,14.9
20180405,89,8.5,2.3,12.6
20180406,69,7.9,3.5,16.9
20180407,46,5,4.5,0.3
20180408,56,7.2,3,0.8
20180409,58,10.7,1.8,0
20180410,60,15.1,3.5,1.7
20180411,52,15.5,3.4,2.3
20180412,40,13.2,2.2,0
20180413,41,12.8,2.4,0
20180414,85,9.5,2.4,22.9
20180415,63,10.5,2.9,0
20180416,61,10.9,1.7,0
20180417,61,12.6,1.6,0
20180418,54,13.2,1.7,0
20180419,45,15.1,1.9,0
20180420,52,17.7,1.4,0
20180421,51,18.8,1.8,0
20180422,71,15.7,2.4,4.7
20180423,92,11.2,3.2,45.9
20180424,83,11.6,2.6,10.5
20180425,57,13,1.6,0.1
20180426,59,14.6,1.6,0
20180427,59,14.9,2,0
20180428,59,15.9,1.8,0
20180429,55,16.5,2,0
20180430,67,18.8,1.9,0
20180501,78,18.6,1.5,0.5
20180502,88,14.9,2.3,12.9
20180503,60,12,3.7,0.9
20180504,45,14.5,3.5,0
20180505,48,18.1,2.7,0
20180506,92,15.9,1.8,19.5
20180507,85,16.4,1.5,12
20180508,71,15.1,2.9,0.5
20180509,68,13.6,2.2,0
20180510,70,15.2,1.7,0
20180511,60,16.9,1.7,0
20180512,84,16,1.9,16.7
20180513,81,17.3,1.9,3.3
20180514,71,19.3,1.5,0
20180515,66,22.5,1.5,0
20180516,88,22.9,2.4,5.9
20180517,87,22.8,2.5,17.3
20180518,90,17.5,2.3,9.5
20180519,66,15.7,2.7,0.1
20180520,55,15.7,3,0
20180521,68,16.2,2.1,0
20180522,78,17.5,1.4,6.6
20180523,67,18.1,2.3,13.5
20180524,55,18.9,2,0
20180525,53,19.8,1.6,0
20180526,62,20,1.5,0
20180527,69,19.5,1.2,0
20180528,72,20.4,1.5,0.6
20180529,77,21.4,1.4,1.5
20180530,78,20.7,1.7,2.2
20180531,66,19.7,1.8,0
20180601,61,22.1,1.6,0
20180602,56,23.1,1.6,0
20180603,56,22.6,1.5,0
20180604,61,22.3,1.5,0
20180605,71,21.6,1.4,1.4
20180606,72,22.4,1.5,0
20180607,71,23.2,1.6,0
20180608,71,22.4,1.8,0
20180609,71,21.2,2.5,1.1
20180610,72,19.7,2.4,1.2
20180611,79,18.5,1.8,7
20180612,74,19.5,1.6,0.9
20180613,73,20.4,1.8,0
20180614,72,20.5,2.4,1.6
20180615,65,19.9,2.6,0.6
20180616,66,19.7,2.1,0
20180617,73,20.8,1.3,0
20180618,68,23.3,1.4,0
20180619,80,21.3,1.2,3.2
20180620,72,22.5,1.8,0
20180621,62,23.1,2,0
20180622,55,23.8,1.5,0
20180623,58,24,1.9,0
20180624,62,25.5,1.9,0
20180625,62,25.4,1.4,0
20180626,87,23.4,2.5,29.4
20180627,84,24.4,2.4,31.4
20180628,88,23,1.6,39.1
20180629,83,24.2,1.5,2.6
20180630,87,23.2,1.5,12.4
20180701,92,22.7,2,67.4
20180702,92,23.5,1.6,44.3
20180703,84,24.8,2.4,12.2
20180704,81,25.6,2,10.1
20180705,88,23.6,1.5,11.1
20180706,81,21.8,2.6,5
20180707,70,21.3,2.7,0.2
20180708,72,20.9,2.2,0
20180709,91,20.2,1.7,12.3
20180710,85,24,1.6,2.4
20180711,83,26.1,1.4,3.1
20180712,80,27.4,1.6,0
20180713,77,27.8,1.6,0
20180714,75,27.9,1.6,0
20180715,74,28.2,1.5,0
20180716,72,28.2,1.4,0
20180717,72,28.1,1.6,0
20180718,74,27.8,1.4,0
20180719,73,28.1,1.4,0
20180720,72,28.7,1.3,0
20180721,70,29.3,1.4,0
20180722,68,29.6,1.7,0
20180723,69,29.6,1.6,0
20180724,72,29.7,1.6,0
20180725,73,29.7,1.8,0
20180726,72,29.9,1.5,0
20180727,75,30,1.5,0.1
20180728,78,28.9,1.6,3.6
20180729,67,29.4,2.5,0.1
20180730,68,29,2.2,0.2
20180731,67,29.2,1.8,0
20180801,66,30,1.7,0
20180802,67,30.2,1.7,0
20180803,68,30.1,1.9,0.1
20180804,70,30.3,1.9,0
20180805,70,30,2,1.6
20180806,76,29.1,1.6,12.1
20180807,76,28.6,1.6,1.2
20180808,75,28.8,1.5,1.6
20180809,78,28.5,1.5,3
20180810,82,27.7,1.5,8.2
20180811,76,27.7,1.8,0.9
20180812,76,28.1,1.7,0.5
20180813,74,29.7,1.6,0.9
20180814,69,29.9,1.4,0
20180815,71,29.4,1.8,3.5
20180816,72,27.1,2.7,5.2
20180817,58,25.1,3.1,0
20180818,63,24.2,2,0
20180819,67,25.2,1.4,0
20180820,69,26.4,2.1,0
20180821,71,26.8,1.9,2.2
20180822,67,28.9,2.3,0
20180823,78,27.1,3.7,25.3
20180824,84,25.6,3.4,20.6
20180825,80,24.5,1.5,1.1
20180826,89,22.3,1.6,54.3
20180827,94,23.5,1.4,45.5
20180828,89,25.1,1.4,30.3
20180829,83,26.1,2,16.9
20180830,85,26.3,2,15.2
20180831,87,23.7,1.6,31.7
20180901,77,23.3,2,8.2
20180902,77,22.4,1.9,1.4
20180903,89,23.8,1.6,32.1
20180904,76,23.7,2.2,26.6
20180905,66,23.3,2.2,0
20180906,77,22.6,1.5,1.1
20180907,75,21.3,1.9,4.5
20180908,70,19.5,1.4,0
20180909,69,20.4,1.7,0.5
20180910,66,20.6,2,0.1
20180911,66,19.6,2.2,0
20180912,72,21,1.7,0.1
20180913,84,20.9,1.5,2.9
20180914,88,21.6,1.7,11
20180915,91,22,1.1,2.3
20180916,84,22.7,1.3,0.4
20180917,76,21.9,1.3,0.1
20180918,72,21,1.3,0
20180919,78,20.6,1,2.4
20180920,91,19.7,1.7,12.6
20180921,93,19.3,1.5,26.4
20180922,74,20.3,1.5,0.6
20180923,72,18.9,1.5,0.2
20180924,68,16.6,1.5,0
20180925,68,16.5,1.6,0.3
20180926,68,17.8,2.1,0.5
20180927,68,17.2,1.8,0
20180928,75,16.9,1.5,0
20180929,76,18.6,1.6,1.8
20180930,63,18.5,2.6,0.7
20181001,62,16,2.9,1.2
20181002,71,15.5,1.4,0
20181003,72,15.5,1.2,0
20181004,70,18.1,2,0.4
20181005,93,17.5,2.4,57.9
20181006,87,18.8,3.9,81.2
20181007,71,17.6,1.7,0
20181008,62,14.5,1.5,0
20181009,72,14.8,1.2,0
20181010,64,13.9,2.6,1.6
20181011,57,10.7,2.2,0
20181012,67,10.4,1.3,0
20181013,72,11.8,1.2,0
20181014,72,13.1,1.2,0
20181015,73,14,1.3,0
20181016,78,13,1.1,0.3
20181017,73,12.4,1.3,1.5
20181018,73,11.6,1.8,6.3
20181019,70,12.1,1.7,0
20181020,70,11.5,1.1,0
20181021,68,11.6,1,0
20181022,72,12.8,0.9,0
20181023,78,13.2,1.3,1.2
20181024,71,12.2,1.3,0
20181025,70,12.3,1.1,0
20181026,83,12.3,1.6,6.9
20181027,57,10.6,3.2,0.3
20181028,71,10.6,2.2,5
20181029,70,9.8,2,0.3
20181030,61,7.5,1.9,0
20181031,66,7.8,1.6,0
20181101,67,7.7,1.3,0
20181102,67,9,1.1,0
20181103,67,9.7,1,0
20181104,67,10.2,1.1,0
20181105,73,10.7,1,0
20181106,79,11.8,1,0.2
20181107,88,12.8,1,6.1
20181108,93,14,2.1,34.6
20181109,70,12.4,2.9,0.4
20181110,75,10.9,1.3,0
20181111,81,9.5,1,1.1
20181112,72,9.3,1.5,1
20181113,74,8.8,1.3,0.4
20181114,76,8.5,1.1,0.4
20181115,76,8.7,1,0
20181116,78,9,1.2,1
20181117,65,7.4,1.5,0
20181118,59,6.4,1.2,0
20181119,62,7.2,1.2,0
20181120,53,6.1,1.3,0.1
20181121,64,6.2,1.4,0.7
20181122,50,4.1,2.4,0
20181123,50,2.3,1.4,0
20181124,78,3.7,1.4,4.3
20181125,82,5.7,1.2,0
20181126,77,5.9,1,0
20181127,75,7.8,1.3,0
20181128,54,5.9,1.5,0
20181129,54,5,1,0
20181130,59,5.1,1.2,0
20181201,62,5.4,1.2,0
20181202,71,8.5,1.3,0.2
20181203,92,12.1,1.1,8.6
20181204,78,10.2,2.3,12.2
20181205,54,3.9,1.9,0
20181206,72,4,2.1,2.5
20181207,43,-3,3.8,0
20181208,47,-5,2.5,0.1
20181209,42,-4.4,2,0
20181210,47,-1.9,1.4,0
20181211,78,0.3,1.3,1.8
20181212,60,-0.5,2.2,0
20181213,62,-0.3,2.2,0.3
20181214,56,-2.4,2,0
20181215,55,-1.9,1.1,0
20181216,73,0.6,1.1,0.6
20181217,61,3.2,2.2,0.1
20181218,64,2.5,1.7,0
20181219,66,5.1,1.5,0
20181220,67,4.2,0.9,0
20181221,69,5.1,1,0
20181222,70,6.7,1.1,0
20181223,52,5.5,2.7,0.9
20181224,48,-0.3,2,0
20181225,58,0.4,1.3,0
20181226,45,2.5,2.2,0
20181227,31,-4.8,3.9,0
20181228,47,-7,2.9,0.1
20181229,43,-5.1,3,0
20181230,48,-4.7,1.8,0
20181231,47,-3.2,1.5,0
20190101,58,-2.1,2.5,0.1
20190102,53,-2.5,2.1,0
20190103,48,-2.1,1.6,0
20190104,53,-0.7,1.4,0
20190105,49,0.2,2.1,0
20190106,46,-1.3,1.6,0
20190107,53,-0.5,1.8,0
20190108,46,-0.7,2.8,0
20190109,40,-2.9,1.6,0
20190110,51,0.5,2,0
20190111,63,2.1,1.3,0
20190112,77,3,1.3,2.4
20190113,73,1.3,1.3,0
20190114,71,1,1.1,0
20190115,61,0.9,2.7,0.1
20190116,48,-3.2,2.5,0
20190117,55,0.4,2.4,0
20190118,56,0.8,1.5,0
20190119,62,2.9,1,0.2
20190120,49,1.6,3.2,0.1
20190121,53,0.5,2.7,0
20190122,59,2.6,2,0
20190123,54,3.1,2.3,0
20190124,43,0.7,1.5,0
20190125,44,-0.4,2.5,0
20190126,40,-1.8,2.7,0
20190127,51,-0.2,1.8,0
20190128,48,2.6,3,0.2
20190129,48,0,1.3,0
20190130,48,3.5,1.5,0
20190131,63,0.3,2.3,4.9
20190201,56,-1.3,2.5,0
20190202,63,2.1,1.6,0
20190203,89,5.6,2.1,12.8
20190204,42,2.5,2.5,0
20190205,49,2.9,1.3,0
20190206,60,5.6,1.3,0
20190207,53,2.1,3,0.5
20190208,39,-2,2.1,0
20190209,38,-1.7,3,0
20190210,42,-1.4,1.8,0
20190211,41,-0.8,2.7,0
20190212,50,0.1,1.6,0
20190213,41,0.3,2.3,0
20190214,50,0.6,1.5,0.1
20190215,63,2,1.9,0.4
20190216,56,-0.3,2.9,0.1
20190217,49,-0.2,2.3,0
20190218,48,2.2,1.2,0.1
20190219,89,2.9,1.6,16.3
20190220,68,2.8,2.3,0
20190221,68,2.7,1.3,0
20190222,65,3.9,1.3,0
20190223,63,5,1.5,0
20190224,61,6.1,1.6,0
20190225,59,6,1.8,0
20190226,53,5.4,1.5,0
20190227,65,7.1,1.2,0.4
20190228,63,6.8,1.6,0.1
20190301,58,6,1.6,0
20190302,57,6.9,1.4,0
20190303,55,8.7,1.3,0
20190304,58,8.8,1.7,0
20190305,62,8.2,1.3,0
20190306,63,8.8,1.6,1
20190307,65,6.5,2.3,0.5
20190308,58,6.1,1.5,0
20190309,49,7.9,1.5,0.3
20190310,67,7.8,2,7.9
20190311,74,6.4,1.9,1.1
20190312,65,5.8,3.1,0.9
20190313,40,3.9,3.5,0
20190314,47,5.2,1.9,0
20190315,69,5.8,2.5,3.3
20190316,65,5.8,2.3,0.2
20190317,57,6.6,2,0
20190318,51,7.5,1.5,0
20190319,54,10.7,1.6,0
20190320,74,11.4,1.9,16.1
20190321,74,9.8,3.6,2.1
20190322,52,5.2,2.9,0
20190323,54,4.2,2.7,1.4
20190324,51,4.7,2.4,0
20190325,58,7.2,2,0
20190326,55,10.5,2,0
20190327,57,12.8,3.3,0.1
20190328,63,10.6,2,0.6
20190329,54,10.6,1.8,0
20190330,67,7.2,3.3,3
20190331,48,5.4,3.8,0.2
20190401,45,5.7,2.7,0
20190402,44,6.7,2.2,0
20190403,42,7.4,2.3,0
20190404,40,9.9,2.8,0
20190405,46,11.7,2.9,0
20190406,44,11.6,1.6,0.6
20190407,60,12.5,1.6,2.8
20190408,45,11.8,2.3,0
20190409,60,9.3,3.2,23.2
20190410,83,7.2,2.4,8.5
20190411,71,8.8,1.4,0
20190412,58,10.7,1.7,0.1
20190413,48,11.6,1.6,0
20190414,59,10.2,2.2,0.8
20190415,46,11.1,1.9,0
20190416,38,14.2,1.5,0
20190417,48,15.5,1.7,0.5
20190418,63,15.3,2.3,0
20190419,70,12.8,2.1,0
20190420,66,14.7,1.7,0.1
20190421,71,16.5,1.5,0.1
20190422,66,17.6,1.7,0
20190423,74,16.8,1.6,5.6
20190424,87,17.3,1.4,6.9
20190425,83,13.5,2.1,4.5
20190426,86,9.4,2.1,6.3
20190427,65,11.4,1.6,0.1
20190428,67,12.1,1.4,0.2
20190429,84,11.3,1.3,19.1
20190430,79,14.6,1.4,0.1
20190501,67,15.4,2,0
20190502,52,16,2.1,0
20190503,51,16.7,1.6,0
20190504,56,17.6,1.4,0
20190505,47,18.9,1.8,0
20190506,48,14,2.8,0.1
20190507,47,13.9,2,0
20190508,42,15.7,2.2,0
20190509,41,17.1,2.1,0
20190510,46,17.6,1.5,0
20190511,51,18.5,1.4,0
20190512,54,18.4,1.7,0
20190513,61,17.9,1.6,0
20190514,65,19.8,1.5,0
20190515,64,20.3,1.4,0
20190516,60,21.4,1.4,0
20190517,61,21.3,1.6,1.7
20190518,79,18.8,2.7,21.3
20190519,86,19.5,2,7.2
20190520,63,17,3.1,1.7
20190521,51,17,2.6,0
20190522,50,19.2,2.2,0
20190523,54,20.9,1.9,0
20190524,56,22.9,1.8,0
20190525,52,23.3,1.8,0
20190526,52,23.2,2.1,0.1
20190527,85,18.6,3.1,22.9
20190528,54,17.8,2.5,0
20190529,51,19.7,2.2,0
20190530,48,20.5,2.1,0.1
20190531,62,18.6,2.3,0.8
20190601,63,18.9,1.5,0
20190602,57,20.6,1.5,0
20190603,56,22,1.4,0
20190604,60,23.1,1.7,0
20190605,67,22.9,1.6,0
20190606,79,21.1,1.7,20.7
20190607,89,18.6,2.3,24.2
20190608,76,20.1,1.5,0.1
20190609,75,19.7,1.8,1.5
20190610,75,18.3,1.8,4.1
20190611,70,18.8,1.7,0.3
20190612,72,19.7,1.5,0
20190613,68,21.2,1.4,0
20190614,76,20.2,1.1,2.3
20190615,73,20.4,2.3,3.8
20190616,72,20.2,1.7,0.1
20190617,70,21.3,1.7,0
20190618,76,21.3,1.6,2.1
20190619,76,22.2,1.5,0.8
20190620,71,23.4,1.7,0
20190621,72,22.8,2,1.9
20190622,69,21.7,1.9,1
20190623,67,21.6,1.7,0.3
20190624,68,22.5,1.6,0.1
20190625,67,23.6,1.5,0
20190626,84,21.1,1.4,33.1
20190627,85,23.8,1.4,12
20190628,81,23.6,1.6,0.8
20190629,91,21.6,1.3,31.7
20190630,81,23.8,1.7,0
20190701,79,23.2,1.4,0.4
20190702,72,23.4,1.7,0
20190703,75,23.1,1.2,0
20190704,69,24.4,1.4,0
20190705,67,25.1,1.4,0
20190706,63,25.1,2.2,0
20190707,65,23.5,2.6,0.2
20190708,68,22.6,2.1,0.5
20190709,69,22.6,2.1,0.2
20190710,83,20.9,2.4,20.7
20190711,85,22.2,2.2,8.5
20190712,77,23.2,1.7,0.4
20190713,80,23.3,1.2,1.6
20190714,79,23.9,1.5,2.1
20190715,84,23.2,1.3,8.8
20190716,81,23.8,1.4,4.5
20190717,79,24.4,1.4,3.7
20190718,83,24.3,1.4,8.1
20190719,84,25.2,1.8,13.9
20190720,88,24.8,3.6,56.5
20190721,90,24.8,2.3,20
20190722,80,27,1.8,0.3
20190723,78,27.9,1.8,0
20190724,83,26.8,1.7,0.5
20190725,90,26.6,1.6,16.3
20190726,89,26.5,1.8,19
20190727,88,27.1,1.4,12.1
20190728,86,26.9,2,10.9
20190729,78,27.8,2.1,0.1
20190730,77,28.4,2.5,0.7
20190731,78,28.4,2.3,6
20190801,78,28.4,1.6,3.4
20190802,75,28.8,1.3,0.1
20190803,77,28.3,1.3,0.5
20190804,76,28.4,1.2,0.6
20190805,75,28.8,1.2,0.7
20190806,75,27.6,1.9,10.9
20190807,82,27.2,1.8,14.7
20190808,81,27.6,1.3,5.7
20190809,77,28.3,1.2,0.1
20190810,73,28.6,2.1,0
20190811,71,28.3,3.4,8
20190812,83,27.7,2.3,15.5
20190813,77,28.5,1.6,1.2
20190814,76,28.6,2.1,1.2
20190815,86,26.1,2.3,15.8
20190816,79,26.4,2.3,1.9
20190817,75,26.2,2.1,2.1
20190818,72,25.3,1.4,0
20190819,75,25.1,1.3,0.4
20190820,73,26,1.7,0.2
20190821,82,25.8,1.2,8.6
20190822,82,25.8,1.6,25.2
20190823,73,24.7,1.5,0
20190824,77,22.8,1.2,0
20190825,78,23.2,1.2,1.2
20190826,75,24.3,1.4,0.1
20190827,89,22.7,1.2,16.7
20190828,85,23.8,1.1,0.9
20190829,86,22.4,1.4,4.2
20190830,72,22.9,1.9,0.2
20190831,74,22.6,1.4,0
20190901,81,22.1,1,0.8
20190902,85,21.6,1.1,11.4
20190903,91,22.1,1.2,13.1
20190904,93,23.4,1.3,11.9
20190905,91,24.2,1.1,22
20190906,86,25.4,1.7,2.9
20190907,81,25.8,4.8,12.3
20190908,85,24.6,1.1,0.8
20190909,87,24.7,1.4,8
20190910,83,25.4,1.8,15.3
20190911,85,23.9,1.9,7.4
20190912,81,20.8,2.1,5.6
20190913,74,21.7,1.6,0
20190914,81,22.3,1.1,0.1
20190915,79,23.4,1.5,0.4
20190916,73,22.4,1.6,0.2
20190917,68,21.3,1.6,0
20190918,64,21,1.8,0
20190919,68,19.2,1.5,0
20190920,71,19.3,1.7,0
20190921,86,17.8,2.1,40.1
20190922,86,17.5,4.1,65.1
20190923,75,18.1,1.8,0.4
20190924,77,17.8,1.2,0
20190925,79,18.4,1.1,0
20190926,78,20.4,1.3,0
20190927,79,21.4,1.3,1.5
20190928,84,22.5,1,1.8
20190929,80,22.2,1.1,0.1
20190930,81,21.6,1,0.1
20191001,89,21.5,1,9.4
20191002,94,21.1,2.4,106.3
20191003,82,22,2.9,28.9
20191004,83,21.2,1.3,0.3
20191005,80,18.9,2,3.2
20191006,70,17.3,2,0
20191007,90,15.5,1.3,8.6
20191008,67,15.9,2.2,0.1
20191009,64,13.3,1.3,0
20191010,72,14.9,1,0
20191011,69,17.9,1.7,0
20191012,62,18,3,0
20191013,67,15.9,1.8,0
20191014,73,14.7,1.7,3.4
20191015,74,13.3,1.6,1.2
20191016,76,13.3,1.2,0
20191017,76,14,1.3,0
20191018,81,15.3,1.7,3.8
20191019,80,16.2,1.3,0.2
20191020,80,15.1,1.1,0
20191021,76,15.3,1.3,0
20191022,75,15.9,1.3,0
20191023,75,16,1.5,0.1
20191024,70,17.4,2,2.3
20191025,71,16.9,1.7,0.3
20191026,62,12.8,2.5,0
20191027,65,10.7,1.6,0
20191028,70,11.5,1.5,0.3
20191029,66,13.2,1.9,0.7
20191030,66,11.3,1.5,0
20191031,72,13.3,1.7,0
20191101,71,14.3,1.3,0
20191102,77,13.5,0.9,0
20191103,75,13.8,1.4,1.5
20191104,75,12.5,1.2,0.2
20191105,75,11.7,1.3,0
20191106,71,11.3,1.2,0
20191107,63,10.8,2,0
20191108,57,7.8,1.6,0
20191109,59,8.5,1.3,0.1
20191110,71,9.4,1.6,8.5
20191111,72,12.1,2.4,1.1
20191112,74,9.7,1.1,0
20191113,74,8.9,1.9,2.8
20191114,43,3.7,2.8,0
20191115,69,7.2,1.7,3.6
20191116,80,10.3,1.2,0.2
20191117,87,11,1.7,19
20191118,64,8.7,3.6,11.6
20191119,57,3.7,2.8,0.1
20191120,54,2.6,1.6,0
20191121,54,5,1.2,0
20191122,64,9.3,1.3,0
20191123,75,10.8,1.2,0
20191124,77,12.8,1.7,1.2
20191125,69,5.9,2.7,3.5
20191126,73,7.7,1.3,0.5
20191127,63,6.2,2.1,1
20191128,73,4.7,1.6,3.1
20191129,61,3.4,1.5,0
20191130,63,5.4,1,0.1
20191201,83,6.3,1.2,12.5
20191202,57,3.6,3.2,0.2
20191203,67,2.4,1.7,0.5
20191204,61,4.2,1.5,0.1
20191205,48,0.2,2.7,0
20191206,45,-3.2,2,0
20191207,62,0.1,1.6,0
20191208,67,1.4,1.3,0
20191209,69,3,1.3,0.1
20191210,79,6.5,1.2,0.4
20191211,68,6.9,2.6,0.2
20191212,48,1.7,2.2,0
20191213,56,1.6,1.3,0.1
20191214,61,4,1.9,0.4
20191215,69,4.7,1.2,0
20191216,73,7.1,1.1,0
20191217,83,8.3,1.7,2.2
20191218,68,4.6,2.3,0.4
20191219,51,2.2,2.4,0
20191220,60,1,1.7,0.1
20191221,66,0.2,1.3,0.1
20191222,70,3,1.1,0.1
20191223,73,3.8,1.7,0.7
20191224,71,2.1,1.2,0
20191225,61,3.5,1.1,0
20191226,68,3.7,2.1,1.1
20191227,53,0.6,2.4,0
20191228,60,0.5,1.1,0
20191229,73,2.6,1.2,6.2
20191230,79,5,2.1,0.9
20191231,46,-3.8,3.6,0.1
20200101,63,-0.9,1.9,0
20200102,69,1.6,1.7,0
20200103,65,2.1,1.8,0
20200104,65,1.6,1.7,0
20200105,61,1.5,1,0
20200106,82,3.5,1.4,10
20200107,95,8.8,2.2,41.8
20200108,78,5.4,4,4.5
20200109,66,1.9,2.5,0
20200110,68,1,1.3,0
20200111,64,1.9,1.7,0
20200112,60,1.7,2.5,0
20200113,57,0.4,2.5,0
20200114,56,-0.2,1.5,0
20200115,58,-0.8,1.8,0
20200116,53,-0.3,1.4,0
20200117,56,0.8,1.3,0.3
20200118,60,1.4,1.7,0.8
20200119,65,2.3,1.9,0.1
20200120,56,2.6,2.5,0
20200121,50,0.6,1.4,0
20200122,67,3.2,1.1,4.2
20200123,78,5.4,1.3,2.1
20200124,74,4.5,1.4,1.3
20200125,78,5,1.1,0.1
20200126,72,6.1,2.2,0.6
20200127,77,5.9,3.5,15.2
20200128,74,6.6,2,0.9
20200129,73,5.7,1.5,0.6
20200130,71,4.6,1.6,0.9
20200131,72,3.2,1.5,0
20200201,72,2.6,1.6,0
20200202,65,2.5,1.4,0
20200203,55,1.6,2.4,0
20200204,55,0.5,1.9,0.3
20200205,42,-3.3,3.3,0
20200206,49,-3.9,1.6,0
20200207,53,-0.2,1.8,0
20200208,55,1.6,2.7,0.2
20200209,56,0.5,1.9,0.1
20200210,59,4.1,1.6,0
20200211,58,5.7,1.2,0.1
20200212,88,7.8,1.4,12.6
20200213,83,8.3,1.6,0.1
20200214,77,8,1.2,0
20200215,77,9.6,1.7,1.5
20200216,76,2,3.8,6.5
20200217,65,-2.8,3.9,1
20200218,55,-1.4,2.5,0
20200219,61,2.4,1.3,0
20200220,65,5,1.2,0
20200221,69,7.1,1.4,1.6
20200222,57,6.4,3.8,1.6
20200223,51,3.5,2,0
20200224,55,7.2,1.4,0.2
20200225,91,7.5,2,28.1
20200226,79,7,1.8,1.5
20200227,71,5.3,1.6,0.1
20200228,85,4.5,1.2,2.7
20200229,81,6.7,1.3,0
20200301,79,6.9,1.5,0.1
20200302,58,5.2,2.7,0.1
20200303,70,6.1,1.6,0.1
20200304,55,4.3,3.6,0
20200305,52,2.4,2.4,0
20200306,53,3.9,1.3,0
20200307,71,5.4,1.1,1.6
20200308,69,7.6,1.4,0
20200309,74,8.8,1.3,3.2
20200310,84,7.5,2.7,9.1
20200311,48,4.9,3.2,0
20200312,51,6.8,1.9,0
20200313,50,7.1,2.4,0
20200314,44,5.1,2.9,0
20200315,51,5.4,3.7,0.3
20200316,50,4.5,2.3,0.3
20200317,65,7.6,2.5,0.1
20200318,57,9.8,1.7,0
20200319,52,9.7,4.4,0
20200320,42,9.5,2.8,0
20200321,58,13.2,2.2,0.3
20200322,55,12.3,2.5,0
20200323,51,9.9,2.2,0
20200324,57,9.5,1.5,0
20200325,57,11.7,1.6,0
20200326,76,13.3,1.4,7
20200327,83,11.4,2.4,5.6
20200328,52,7.2,2.3,0
20200329,61,7.7,1.6,0.1
20200330,60,10,1.4,0
20200331,58,11.1,1.4,0
20200401,54,10.8,2.7,0.7
20200402,51,9.6,1.9,0
20200403,44,10.8,2.1,0
20200404,46,9.2,3,0
20200405,41,7.2,2.2,0
20200406,47,9.2,1.8,0
20200407,50,11.8,2.3,0.1
20200408,42,9.9,2.8,0.1
20200409,50,8.9,2.2,0
20200410,59,9.7,1.7,0
20200411,68,8.8,1.5,2.2
20200412,73,8.3,2.3,3.2
20200413,50,9.5,2.6,0
20200414,44,12.1,1.9,0
20200415,46,12.3,1.7,0
20200416,57,13.2,2.3,0
20200417,84,11.7,2,14.1
20200418,74,12.3,2.2,0.7
20200419,85,10.8,2.1,18.5
20200420,74,11.5,2.7,0.5
20200421,44,9.2,3.9,0
20200422,42,7.5,4.1,0
20200423,46,8.7,3.5,0
20200424,44,10.3,3.2,0
20200425,52,14.1,3.5,0
20200426,52,12.2,2.4,0.2
20200427,54,11.5,2.1,0.1
20200428,51,13.2,2.3,0
20200429,48,15,1.9,0
20200430,59,17.2,2.3,0
20200501,69,21.1,2.5,0
20200502,73,20.7,2,0.4
20200503,86,18.4,1.6,13.4
20200504,76,19.1,2,0
20200505,83,15.4,1.6,1.3
20200506,67,17.8,1.9,0
20200507,49,17.1,2.3,0
20200508,58,17.2,2.1,3.7
20200509,94,15.8,2.5,33.7
20200510,82,15.9,2.6,0.4
20200511,60,18.3,2.5,0.3
20200512,60,16.6,3.1,0.2
20200513,50,16.3,2.4,0
20200514,45,18.9,1.5,0
20200515,87,16.1,1.9,18.2
20200516,88,17.4,1.3,0.5
20200517,81,19.3,1.5,0
20200518,85,18.1,2.3,16.6
20200519,78,13.7,2.8,8.7
20200520,71,13.9,1.9,0.4
20200521,72,15.6,1.7,0
20200522,73,16.9,1.9,0.1
20200523,73,18.3,1.6,0.1
20200524,79,18.6,1.9,3.8
20200525,77,17.8,1.5,0
20200526,73,18.4,1.6,0.4
20200527,63,18.5,2,0
20200528,66,18.3,1.7,0
20200529,65,19.4,1.5,0
20200530,61,20.4,1.5,0
20200531,70,20.1,1.6,2.1
20200601,62,20.8,2.6,0.3
20200602,60,19.5,1.6,0.5
20200603,74,22,1.7,0.2
20200604,71,24,2.1,0
20200605,73,23.1,1.7,0
20200606,73,21.9,1.8,0.6
20200607,67,22,1.5,0
20200608,62,24.1,1.4,0
20200609,59,25.6,1.5,0
20200610,70,25,1.6,11.8
20200611,81,24.5,1.4,10.8
20200612,85,23.3,1.3,11
20200613,82,24,1.4,18.3
20200614,80,23.9,2.3,18.4
20200615,64,23.3,2.1,0
20200616,65,23,1.7,0
20200617,72,22.1,1.4,1.1
20200618,84,19.9,1.5,18.6
20200619,75,21.9,1.8,1.2
20200620,76,22.4,1.5,0.1
20200621,73,23.1,1.5,0.3
20200622,70,24.1,1.4,0
20200623,69,24.4,1.5,0
20200624,85,22,2.2,19.1
20200625,91,21.6,1.6,3.8
20200626,77,22.9,2.1,0.3
20200627,77,23.6,1.2,0.1
20200628,76,23.8,1.6,0
20200629,88,21.6,2.1,39.2
20200630,86,20.8,3.3,27.9
20200701,80,20.8,1.7,1.1
20200702,76,22.4,1.3,0.2
20200703,81,21.1,1.7,5.3
20200704,81,21,1.3,0.5
20200705,80,22.3,1.2,0.1
20200706,84,23,1.2,4.9
20200707,82,24,1.5,0.1
20200708,79,24,1.5,0
20200709,79,24.3,1.6,0.6
20200710,87,23.6,1.8,32.2
20200711,79,24,1.7,1
20200712,87,21.1,2.1,28.9
20200713,94,19.4,2.5,83.2
20200714,90,19.6,2.1,8.7
20200715,87,20.1,1.2,3.3
20200716,81,21.9,1.2,0.7
20200717,79,22.8,1.3,0.5
20200718,79,22.7,1.5,0.3
20200719,85,23.9,2.2,5.6
20200720,84,25.2,2.6,8.4
20200721,79,24.9,1.3,3.8
20200722,93,22.7,0.9,30.6
20200723,94,21.6,2.2,72
20200724,90,21.3,2.6,24.2
20200725,88,22.3,1.7,8.2
20200726,85,23.1,1.3,1.5
20200727,91,22.7,1.1,11.7
20200728,93,23.4,1.1,13.2
20200729,95,23.8,1.1,33.5
20200730,92,24.2,1.3,32.7
20200731,86,25.9,1.3,3.9
20200801,86,26,1.5,9.8
20200802,86,26.4,2,20
20200803,85,26.3,2.2,25.1
20200804,84,26.9,2.1,13.3
20200805,87,26.5,2,18.4
20200806,90,25.4,2.9,27.8
20200807,93,23.9,1.3,43.8
20200808,94,23.8,1.7,64.8
20200809,86,26.1,2.7,23.8
20200810,91,25.8,1.8,31
20200811,90,25.8,1.9,32
20200812,87,27,1.4,4.2
20200813,82,28.1,1.9,0
20200814,80,28.4,2.5,0.5
20200815,81,28,1.8,8.5
20200816,80,27.8,1.8,0
20200817,80,27.7,1.4,0
20200818,79,27.6,1.2,0
20200819,76,27.6,1.5,0
20200820,78,27.2,1.3,0.3
20200821,82,26.1,1.3,1.1
20200822,84,25.4,1.4,8.6
20200823,81,25.7,1.1,1.1
20200824,80,26.7,1.3,0
20200825,76,28.2,1.6,0.3
20200826,79,27.9,3.1,18.2
20200827,84,27.4,2.9,11.9
20200828,86,27.2,1.5,14.5
20200829,87,26.8,1.4,12.9
20200830,86,26.7,1.3,6.8
20200831,82,25.7,1.8,2.7
20200901,81,25.4,1.5,1.4
20200902,92,24.5,2.5,48.6
20200903,76,23.9,4.5,43.2
20200904,73,22.8,1.7,0.1
20200905,85,20.6,1.2,3.7
20200906,88,20.1,2.2,14.1
20200907,86,20.7,4.6,61.8
20200908,75,23.5,2.7,0.3
20200909,83,21.7,1.5,7.9
20200910,82,22.2,1.1,0.7
20200911,85,21,1.7,7.7
20200912,88,19.9,2,9.2
20200913,82,20.2,1.4,1.2
20200914,82,20.9,1.2,0
20200915,80,21.8,1.3,0
20200916,90,21.3,1.1,3.2
20200917,86,20.6,1.1,1.7
20200918,75,19.6,1.6,0.9
20200919,74,19.1,1.6,0.9
20200920,69,18.3,1.6,0
20200921,72,17.2,1.3,0
20200922,72,17.8,1.8,0
20200923,73,18.2,2.1,0.1
20200924,73,19.4,2.2,0.7
20200925,75,19.3,2.1,0.9
20200926,73,18.7,1.9,0.4
20200927,75,18.5,1.6,0.2
20200928,76,17.5,1.3,0
20200929,77,17.6,1.2,0
20200930,78,18.1,1.3,1.2
20201001,79,18.3,1.3,0
20201002,78,19.5,1.4,0.2
20201003,82,19.6,1,2.7
20201004,74,18.3,1.8,0.4
20201005,57,14.1,2.4,0
20201006,65,13.8,1.6,0
20201007,65,15.8,1.8,0
20201008,61,16.6,2.8,0
20201009,61,16.7,2.6,0
20201010,69,16.5,1.7,0
20201011,76,16,1.2,0
20201012,75,16.3,1.4,0
20201013,64,13.6,1.8,0
20201014,63,12.9,1.4,0
20201015,56,12.3,1.5,0
20201016,72,11.8,0.9,0
20201017,73,12.5,1.2,0.1
20201018,69,12.5,1.3,0
20201019,71,13.2,1.2,0
20201020,72,13.3,1.1,0
20201021,82,13.2,1,6.3
20201022,74,13.6,1.9,0.8
20201023,53,10.4,2.9,0
20201024,52,9.6,2.6,0
20201025,64,12,1.7,0
20201026,71,11.9,1.1,0
20201027,74,12.6,1,0
20201028,63,13.8,1.6,0
20201029,55,10.3,1.4,0
20201030,64,10.7,1.3,0
20201031,69,11.6,1.3,0
20201101,85,12.5,1.2,3.4
20201102,66,11.4,1.4,0.5
20201103,49,6.9,3.1,0.4
20201104,48,5.4,2,0
20201105,56,8.5,1.1,0
20201106,64,12.4,0.9,0
20201107,66,13.9,1.8,0
20201108,47,10,2.6,0
20201109,44,6.9,2,0
20201110,55,7.6,1.5,0
20201111,61,7.7,1.1,0
20201112,63,9.1,1,0
20201113,69,10.2,1.1,0
20201114,75,10.6,1.2,0
20201115,74,11,1.1,0
20201116,71,11.8,1.3,0
20201117,78,14.6,1.2,1.7
20201118,86,17.6,1.7,2.6
20201119,82,16.8,3.7,28
20201120,70,7.4,3.4,0
20201121,72,7.4,1.6,0.1
20201122,77,8.2,2.1,2.2
20201123,60,4.4,2.3,0
20201124,57,4.8,1.3,0
20201125,61,5.6,1.5,0
20201126,66,6.8,1.3,0.1
20201127,61,6.2,2.6,0
20201128,50,2.9,2.7,0
20201129,60,2.4,2.1,0
20201130,58,2,1.9,0
20201201,51,1.9,1.4,0
20201202,49,3.4,1.5,0
20201203,51,2.6,2.2,0
20201204,54,1,1.8,0
20201205,65,2.2,1.4,0.1
20201206,67,3.5,1.3,0
20201207,64,4,1.7,0
20201208,55,0.9,1.7,0
20201209,53,1.5,1.2,0
20201210,62,5.1,1.1,0
20201211,71,5.6,1.1,0
20201212,51,4.2,2,0
20201213,64,1.3,2.2,1.9
20201214,44,-4.2,3.2,0
20201215,45,-5.5,2.5,0
20201216,50,-5.3,2.4,0
20201217,53,-3.6,1.8,0
20201218,59,0,2.1,0.2
20201219,41,-2.8,2.6,0
20201220,52,-2.1,1.7,0
20201221,63,-0.5,1.4,0
20201222,70,1.3,1.3,0
20201223,73,3,1.3,0
20201224,58,4.3,2.6,0
20201225,55,0.6,2.3,0.1
20201226,67,1.6,1.2,0
20201227,76,3.6,1,2.2
20201228,80,4.6,1,0.1
20201229,80,2.3,2,1.8
20201230,56,-6.5,4.3,1.2
20201231,59,-6.1,2.6,0.2
